Video ID,Title,Upload Date,Views,Likes,Dislikes,Comments
p5Opt0Phpig,Want To Join The Startup Community By Sandeep Maheshwari | Applications Open!,2024-02-13T13:11:18Z,461523,33439,0,2869
0skSaGxGHtc,EP 40 of 100 - Business Mastery Series | By Sandeep Maheshwari | Hindi,2024-02-09T15:47:51Z,404571,23484,0,1591
AYGpYODPbp0,The Most Practical Advice | By Sandeep Maheshwari | Hindi,2024-01-31T10:08:14Z,1266645,74836,0,5584
OejIq2kM04c,Share Market SCAM | Exposed By Sandeep Maheshwari | Stock Trading Fake Courses | Hindi,2024-01-29T13:30:06Z,2928748,150940,0,15178
QXy8nV_Fg7Y,‡§Ü‡§ó‡•á ‡§¨‡§¢‡§º‡§®‡§æ ‡§∏‡•Ä‡§ñ‡•ã | Keep Moving Forward | Sandeep Maheshwari,2024-01-24T07:42:59Z,1348475,77680,0,3965
1g9qdVnjqaE,Coaching Reality EXPOSED | By Sandeep Maheshwari | UPSC NEET JEE,2024-01-20T14:52:35Z,2715280,161034,0,22495
kA2kT-TFXM8,UPSC Coaching Reality | By Sandeep Maheshwari | IAS Aspirants | Civil Services,2024-01-16T13:30:47Z,2925719,180098,0,17806
Kb3N2i3UJuA,EP 39 of 100 - Business Mastery Series | By Sandeep Maheshwari | Hindi,2024-01-12T07:28:21Z,662451,33204,0,2601
MiFWixTQS9U,3 Signs of SCAM | Sandeep Maheshwari #StopScamBusiness,2024-01-10T13:33:40Z,1226825,77289,0,8450
H2-RhsggQe8,Kisi Se Mat Daro | By Sandeep Maheshwari #StopScamBusiness,2024-01-08T13:55:05Z,2159314,134134,0,10439
51bSzeanIuI,MLM Scam Exposed | By Sandeep Maheshwari #StopScamBusiness,2023-12-27T12:53:49Z,5456884,340206,0,38832
fidPWVLwfs8,Stop Vivek Bindra #StopVivekBindra | By Sandeep Maheshwari,2023-12-20T18:11:10Z,15808879,909891,0,213256
r3Pi4FuUguU,Stop SCAM Business | Sandeep Maheshwari #StopScamBusiness,2023-12-16T08:15:37Z,4783730,303614,0,26244
yxTuj__LXJU,BIG SCAM EXPOSED | By Sandeep Maheshwari #StopScamBusiness,2023-12-11T14:19:51Z,7104759,463683,0,58453
1VuYQwa929s,EP 38 of 100 - Business Mastery Series | By Sandeep Maheshwari | Hindi,2023-12-09T09:32:05Z,603974,26942,0,1585
djTLeYJXVBE,EP 37 of 100 - Business Mastery Series | By Sandeep Maheshwari | Hindi,2023-12-07T07:47:41Z,326433,14808,0,683
e0Zi_0yApjg,EP 36 of 100 - Business Mastery Series | By Sandeep Maheshwari | Hindi,2023-12-06T06:06:10Z,314209,15709,0,978
JruF9Bf0vkI,EP 35 of 100 - Business Mastery Series | By Sandeep Maheshwari | Hindi,2023-12-04T09:25:36Z,302431,14897,0,958
dt0QiV-MfhE,EP 34 of 100 - Business Mastery Series | By Sandeep Maheshwari | Hindi,2023-12-02T06:10:13Z,306463,16345,0,1000
WQzviFBGsS0,EP 33 of 100 - Business Mastery Series | By Sandeep Maheshwari | Hindi,2023-12-01T07:04:53Z,295140,15027,0,892
Pw68ssWCp2I,EP 32 of 100 - Business Mastery Series | By Sandeep Maheshwari | Hindi,2023-11-29T06:39:15Z,323811,15815,0,666
-RiQAsgKjgU,EP 31 of 100 - Business Mastery Series | By Sandeep Maheshwari | Hindi,2023-11-23T09:44:09Z,384042,15848,0,1423
D-PXIO_F1UU,EP 30 of 100 - Business Mastery Series | By Sandeep Maheshwari | Hindi,2023-11-22T07:07:48Z,342531,16352,0,2178
Ae4WfJqx2Aw,EP 29 of 100 - Business Mastery Series | By Sandeep Maheshwari | Hindi,2023-11-21T06:20:25Z,277279,13699,0,888
7W9X485eJQQ,EP 28 of 100 - Business Mastery Series | By Sandeep Maheshwari | Hindi,2023-11-20T06:32:09Z,339568,15919,0,802
S7P2Mcfn7kA,EP 27 of 100 - Business Mastery Series | By Sandeep Maheshwari | Hindi,2023-11-17T07:22:08Z,361803,17235,0,845
JgF1ApjprOA,EP 26 of 100 - Business Mastery Series | By Sandeep Maheshwari | Hindi,2023-11-16T07:06:54Z,245585,11896,0,527
zPAHzYFeBL0,EP 25 of 100 - Business Mastery Series | By Sandeep Maheshwari | Hindi,2023-11-14T05:50:25Z,275633,14451,0,742
1-fRvkxmB2c,EP 24 of 100 - Business Mastery Series | By Sandeep Maheshwari | Hindi,2023-11-12T07:12:45Z,259851,12568,0,578
-JLo87zAqd8,EP 23 of 100 - Business Mastery Series | By Sandeep Maheshwari | Hindi,2023-11-10T08:18:53Z,265456,12382,0,656
qIVMFCzTIMw,EP 22 of 100 - Business Mastery Series | By Sandeep Maheshwari | Hindi,2023-11-09T05:34:04Z,269362,13185,0,573
9MbiWB9lqfY,EP 21 of 100 - Business Mastery Series | By Sandeep Maheshwari | Hindi,2023-11-07T05:57:45Z,301309,15680,0,732
iNEUt4lG9x4,EP 20 of 100 - Business Mastery Series | By Sandeep Maheshwari | Hindi,2023-11-06T07:28:57Z,282798,14258,0,550
wIl-PEkzRfk,EP 19 of 100 - Business Mastery Series | By Sandeep Maheshwari | Hindi,2023-11-04T06:17:20Z,331029,19249,0,1196
cl5Sfb04TWo,EP 18 of 100 - Business Mastery Series | By Sandeep Maheshwari | Hindi,2023-11-03T05:53:24Z,272786,14105,0,816
54tjlxjZPuY,EP 17 of 100 - Business Mastery Series | By Sandeep Maheshwari | Hindi,2023-11-02T07:02:24Z,308443,16516,0,1142
BPQXESZ3MM8,EP 16 of 100 - Business Mastery Series | By Sandeep Maheshwari | Hindi,2023-11-01T07:25:08Z,260088,15174,0,773
2NLAKW9ptTw,EP 15 of 100 - Business Mastery Series | By Sandeep Maheshwari | Hindi,2023-10-31T06:45:00Z,256376,13261,0,582
qUPkxEiZHuU,EP 14 of 100 - Business Mastery Series | By Sandeep Maheshwari | Hindi,2023-10-30T07:00:30Z,299729,14667,0,703
NvKlx6SzLBY,EP 13 of 100 - Business Mastery Series | By Sandeep Maheshwari | Hindi,2023-10-28T05:36:10Z,298979,14747,0,741
COclF1GJshc,EP 12 of 100 - Business Mastery Series | By Sandeep Maheshwari | Hindi,2023-10-27T05:09:05Z,302943,13683,0,614
K-zahJBas2Q,EP 11 of 100 - Business Mastery Series | By Sandeep Maheshwari | Hindi,2023-10-26T07:35:32Z,321268,15988,0,718
sKLFs1p6sYs,EP 10 of 100 - Business Mastery Series | By Sandeep Maheshwari | Hindi,2023-10-25T06:02:22Z,310477,14946,0,643
EV4t3-md-hg,EP 9 of 100 - Business Mastery Series | By Sandeep Maheshwari | Hindi,2023-10-24T07:00:04Z,333904,17507,0,762
TODMO0aSuDw,EP 8 of 100 - Business Mastery Series | By Sandeep Maheshwari | Hindi,2023-10-23T07:18:03Z,367318,18117,0,679
NoO4p9UohEY,EP 7 of 100 - Business Mastery Series | By Sandeep Maheshwari | Hindi,2023-10-21T06:15:22Z,380469,20163,0,832
u_nOPBrj9VE,EP 2 of 100 - Business Mastery Series | By Sandeep Maheshwari | Hindi,2023-10-20T07:00:33Z,516482,25309,0,861
VVPEYhL7PIU,EP 3 of 100 - Business Mastery Series | By Sandeep Maheshwari | Hindi,2023-10-19T06:34:08Z,453976,23610,0,1091
eGJgS9ubhDc,EP 1 of 100 - Business Mastery Series | By Sandeep Maheshwari | Hindi,2023-10-18T07:49:01Z,892534,47817,0,1602
NL5y8iiPbIc,EP 6 of 100 - Business Mastery Series | By Sandeep Maheshwari | Hindi,2023-10-17T05:44:14Z,422447,21359,0,929
85KwQSgXywE,EP 5 of 100 - Business Mastery Series | By Sandeep Maheshwari | Hindi,2023-10-16T07:26:42Z,506707,26288,0,1092
nWtdwa9SUfw,EP 4 of 100 - Business Mastery Series | By Sandeep Maheshwari | Hindi,2023-10-13T13:34:44Z,829870,40383,0,1566
MhOn5tThxCc,Good Failure vs Bad Failure - By Sandeep Maheshwari | Hindi,2023-10-10T09:10:05Z,884186,53074,0,2990
gn_dprY_H7s,What do you need to make money? By Sandeep Maheshwari | Hindi,2023-10-06T15:23:18Z,686138,39120,0,1681
TjK0AA28U10,How to Control your Emotions? By Sandeep Maheshwari | Hindi,2023-10-04T06:53:13Z,1231177,61583,0,2068
_CcWEDyPiE0,Karma Karna Seekho - By Sandeep Maheshwari,2023-09-27T13:30:32Z,1203149,61619,0,3364
_xLENSGFZAc,How To Practically Choose Your Career? By Sandeep Maheshwari | Hindi,2023-09-22T10:00:10Z,831579,45316,0,2156
7mPU8yUkcdw,Mind Ko Sahi Disha Dena Seekho - By Sandeep Maheshwari | Hindi,2023-09-21T08:27:34Z,1601757,81242,0,2747
OmF8JWHwcb8,Do the Right Thing at the Right Time - By Sandeep Maheshwari | Hindi,2023-09-16T12:25:28Z,1192745,62028,0,3527
pqTvTQzk6rw,Apne Liye Ladna Seekho - By Sandeep Maheshwari | Hindi,2023-09-15T07:54:42Z,1550317,76208,0,3030
MX2XAG-2oXs,How To Make The Right Choice? By Sandeep Maheshwari | Hindi,2023-09-13T08:02:25Z,1355230,81780,0,4270
RQ_gZ_VZihQ,How To Make Money From Money? By Sandeep Maheshwari | Hindi,2023-08-30T15:01:26Z,4678571,229361,0,11445
foYHn1eSL5w,What is True Happiness? By Sandeep Maheshwari | Hindi,2023-08-23T10:27:45Z,1493148,64911,0,4236
ZesTvYLoksU,AI & ML Ft. Ansh Mehra | Sandeep Maheshwari | ChatGPT Free Training | Hindi,2023-08-22T11:18:10Z,1030629,46364,0,1803
8ODT5ixd03U,Apne Gusse Ko Shaant Kaise Karein? By Sandeep Maheshwari,2023-08-21T10:07:34Z,845967,49816,0,2008
tQJedJmB3ek,Meet Shark Anupam Mittal | Sandeep Maheshwari | Hindi,2023-08-16T14:04:26Z,1669349,85528,0,4487
kqlktsm6pbM,How To Change Your Mind? By Sandeep Maheshwari | Hindi,2023-08-10T10:04:29Z,1496096,79392,0,4470
JblNzdZ_7pw,The Future of Technology Ft. Anshuman Singh | Sandeep Maheshwari | Hindi,2023-08-05T10:13:19Z,671287,33546,0,1814
YnSOzCKs7Pw,Biggest Parenting Mistake | Sandeep Maheshwari | How To Choose Your Career | Hindi,2023-08-03T09:05:51Z,1076100,57858,0,3234
mKXdArLUDL0,Mahabharat Ft. Ami Ganatra | Sandeep Maheshwari | Hindi,2023-07-26T10:20:29Z,2435593,109667,0,6289
wCac1kyhdqg,Real History of India Ft. Abhijit Chavda | Sandeep Maheshwari | Hindi,2023-07-19T14:30:08Z,1005464,55703,0,5145
7tlJRhEu8Bc,Artificial Intelligence Ft. Divij Bajaj | Sandeep Maheshwari | OpenAI & ChatGPT | Hindi,2023-07-17T11:06:01Z,1350434,57953,0,3325
T07GjYNkxrk,Think Big Ft. Raj Shamani | Sandeep Maheshwari | Hindi,2023-07-10T12:30:14Z,1351605,65890,0,2512
CgzfSpnWaFk,Future of the Indian Economy Ft. Sanjeev Sanyal | Sandeep Maheshwari | Hindi,2023-07-06T05:23:11Z,831818,40329,0,3768
HXaPSe7nspc,Practical Business School Ft. Pratham Mittal | Sandeep Maheshwari | Hindi,2023-07-03T05:47:52Z,1040969,49291,0,2266
aaWr-N34Z2Q,Train Your Brain Ft. Dr. Sid Warrier | Sandeep Maheshwari | Hindi,2023-06-29T08:27:05Z,2551360,118831,0,4392
dDwOOjCtOMk,Meet Akhil Gupta & Amit Agarwal With Sandeep Maheshwari | Episode 106 | Business & Startup Tips,2023-06-26T13:39:49Z,450316,17406,0,1226
CuoINYbE5vE,Meet Stock Market Investor & Trader Jimeet Modi | Episode 105 | Sandeep Maheshwari | Hindi,2023-06-22T09:48:37Z,973866,38682,0,2164
bm0BiEuJHhY,"How To Get Really Motivated? Sandeep Maheshwari | Desire, Greed, Fear & Love | Hindi",2023-06-21T08:10:20Z,1096032,57596,0,3777
L4rpc7AmfQk,Human vs Machine | Sandeep Maheshwari | Artificial Intelligence | ChatGPT | Hindi,2023-06-13T10:20:45Z,1163498,59238,0,4332
oE4g4P41KLM,Stop Wasting Your Time | Sandeep Maheshwari | Every Student Must Watch This Video | Hindi,2023-06-05T10:12:30Z,7421972,332732,0,11003
VO-27PLfojE,Always Take Calculated Risk | Sandeep Maheshwari | Hindi,2023-06-03T06:08:51Z,902249,45849,0,1885
tblbY2qvwIo,Does Success Come From Failure? Sandeep Maheshwari in Hindi,2023-06-02T10:30:24Z,792208,45646,0,1528
_ZCFRmKi66Q,How To Think? Episode 3,2023-06-01T10:30:11Z,643178,34077,0,1669
AKciJ4nwFwQ,Think Deeply & Clearly | Problem Solving Session By Sandeep Maheshwari in Hindi,2023-05-31T10:30:03Z,903973,48652,0,1621
4MXtE-uXN9c,Empower Yourself | Feel Strong & Confident | Sandeep Maheshwari in Hindi,2023-05-30T07:19:34Z,1120455,61299,0,2257
58uZlHjbZzg,Fight For Your Right | Be Fearless | Sandeep Maheshwari in Hindi,2023-05-24T08:30:01Z,1087824,71630,0,4411
zpiV-0BSkb0,Grow Your Intelligence | How to increase your understanding? Sandeep Maheshwari in Hindi,2023-05-22T11:30:32Z,1581086,74342,0,1966
d0MkSuisfcs,Meet Gauranga Das Prabhu | Episode 104,2023-05-18T08:22:04Z,728641,40884,0,2784
YHUcTIi2_Q4,Meet World Champions | Deepak Hooda and Saweety Boora | Episode 103,2023-05-16T07:32:28Z,887863,45431,0,2208
NIhtCVPxeoM,Meet Stand Up Comedian Appurv Gupta | Episode 102,2023-05-13T08:27:13Z,481572,25424,0,1581
jnnj6Fd2ym0,The Future of Artificial Intelligence By Sandeep Maheshwari | Will ChatGPT Take Your Job?,2023-05-11T06:38:09Z,3257412,122873,0,6025
ZyKwNDV_9M4,Middle Class Trap | By Sandeep Maheshwari | Hindi,2023-05-09T08:02:53Z,6115994,270405,0,10694
H5zw7xaEILc,Big Business Idea - Part 2,2023-05-06T08:04:50Z,1179800,56855,0,3377
uv87Sa8JP20,Small Business Idea - Part 1,2023-05-05T08:27:01Z,3691927,147412,0,5048
T1c-GwF92B4,Meet Abhi & Niyu | Episode 101,2023-05-03T12:59:11Z,1406293,86642,0,4015
32cA8PUxN0U,Artificial intelligence vs Human intelligence,2023-05-01T09:02:54Z,2625763,123444,0,8616
LAIorrVYPkA,Meet Harsh Beniwal | Episode 100,2023-04-28T08:22:07Z,3152651,213899,0,11405
_sRFWTY417U,Meet Angel Investor Dr. Ritesh Malik | Episode 99,2023-04-26T05:50:48Z,577690,33791,0,1847
mjyNEbNGqPs,Meet Chetan Bhagat | Episode 98,2023-04-24T06:12:57Z,1393472,86975,0,4872
2sYrWNO2YZs,Meet Angry Prash | Episode 97,2023-04-21T08:09:50Z,3791484,187986,0,5518
l7Q3_iw0LSo,How To Think? Episode 2,2023-04-18T07:18:43Z,1082159,58098,0,4208
YJctb5T39gw,Meet Stand Up Comedian Ravi Gupta - Episode 96,2023-04-13T07:50:21Z,1281224,65689,0,3274
WFVsu7BQy3A,Meet Sumeet Mehta LEAD Founder | Episode 95,2023-04-10T08:22:33Z,398568,22475,0,1926
3zqzYB97WC0,How To Think? Episode 1,2023-04-06T10:12:47Z,2135120,153125,0,14533
jaxVNNBcIHQ,Meet Savjibhai Dholakia - Episode 94,2023-04-04T06:28:25Z,1376294,72674,0,4486
bo_v0JyW_0I,Meet Sunil Pal | Episode 93,2023-04-01T10:33:26Z,1203950,73256,0,4666
NPc4FzdU6UY,Meet Arjun Deshpande | Episode 92,2023-03-29T08:03:49Z,730211,39975,0,3154
kI44HjZph7w,Meet Amogh Lila Prabhu | Episode 91,2023-03-23T15:26:26Z,3033013,199146,0,12583
QJhBeL6afgg,Meet Your Superpower | Motivational Video 2023,2023-03-20T13:30:08Z,2944199,188317,0,7753
juKev44fRiw,Meet Kapil Sharma | Episode 90,2023-03-15T15:30:06Z,12718879,793395,0,33376
O_87fhb4gV8,Meet CarryMinati | Episode 89,2023-03-09T13:58:12Z,14908864,1022690,0,35164
HadopNcCS40,Meet Cars24 Founder | Episode 88,2023-03-04T10:45:14Z,678443,31253,0,2046
4BUg0ujjCmk,Problem Solving Marathon - By Sandeep Maheshwari,2023-02-27T09:46:12Z,2890499,127752,0,6719
7-PXOKtWikQ,Meet Bhuvan Bam @BBKiVines | Episode 87,2023-02-21T10:50:59Z,7689853,572020,0,20410
sIXnmkRRuK4,Meet MobiKwik Founder | Episode 86,2023-02-16T07:13:05Z,631313,30592,0,2111
uv_8XV79MRk,How To Be Happy Now? By Sandeep Maheshwari,2023-02-13T13:30:06Z,1490474,125709,0,3934
jroNXGiQ1pE,Meet DIETOFY Founders | Episode 85,2023-02-10T07:00:14Z,311151,14280,0,1208
WdsaSSevPOs,Meet STAGE Founders | Episode 84,2023-02-08T07:45:38Z,535336,22582,0,1400
QkmPh8xMqJA,Meet Ritika Mehra & Vishal Mehra Stylox Founders | Episode 83,2023-02-06T12:27:01Z,299252,14977,0,1246
A0i6TdJ-tbI,Meet Rapido Founder Pavan Guntupalli | Episode 82,2023-02-01T10:37:48Z,909218,45530,0,2506
ju49EpQazLA,Meet Groww Founder Lalit Keshre | Episode 80,2023-01-19T10:38:33Z,759700,37235,0,3624
ywzowpv1w7E,Meet Entrepreneur Pramod Raj Shukla | Episode 79,2023-01-16T07:58:13Z,611526,30045,0,4497
1aS8u6LQfvc,Meet Shradha Sharma YourStory Founder | Episode 78,2023-01-12T12:32:23Z,751898,39294,0,2276
tJX1-YxU6AE,Meet Ridhima Arora Namhya Foods Founder | Episode 77,2023-01-10T13:19:51Z,838654,37506,0,2240
09i0yzALhcc,Meet Olympia Winner Anand Arnold | Episode 76,2023-01-06T07:03:38Z,522252,49963,0,2649
tPUmjQKp7UY,Meet SidTalk Siddhant Jain | Episode 75,2023-01-04T05:56:55Z,670574,39780,0,2211
1V1MUYQGnXE,Top 50 Quotes By Sandeep Maheshwari | Motivational Video 2023,2023-01-03T13:02:09Z,2978385,187751,0,6842
QFgYTcZE8X8,Meet Ankush Sachdeva ShareChat Founder | Episode 74,2022-12-30T06:09:40Z,795498,42106,0,2888
SWrswt9dnoo,Meet Ghazal Alagh Mamaearth Founder | Episode 73,2022-12-26T10:17:50Z,2545070,109880,0,6323
VlkQnR0NnYI,Meet Crazy XYZ Amit Sharma | Episode 72,2022-12-24T05:40:00Z,3658553,248005,0,7583
zK2XP7-Kv5s,Meet Wonder Girl Janhavi | Episode 71,2022-12-19T05:25:09Z,3243061,141544,0,5443
shz8Uxo4gJw,Meet Avadh Ojha Sir | Episode 70,2022-12-15T07:11:48Z,8602179,530944,0,26238
KQrmveISSCs,Meet Google Boy Kautilya Pandit | Episode 69,2022-12-12T05:31:31Z,8030920,457135,0,12024
JYSUhjorblE,Meet Paayal Jain & Tena Jain | Episode 68,2022-12-09T07:49:32Z,4115626,162320,0,4748
bc3vk5iDSjc,Meet Swami Mukundananda | Episode 67,2022-12-06T06:56:14Z,2233423,142522,0,9043
8wpQKaHygGs,Meet Harshvardhan Jain | Episode 66,2022-12-02T06:33:05Z,3942871,251061,0,10024
zTIYPepbuyU,Meet Nitish Rajput | Episode 65,2022-11-30T06:15:44Z,2660566,146385,0,6363
aO4VmKjZmQ8,Meet RiderGirl Vishakha | Episode 64,2022-11-28T05:52:02Z,1011378,55476,0,3270
Qm-BYCQyyH0,Meet Chetna Vasishth | Episode 63,2022-11-25T08:41:01Z,1228440,69362,0,3706
vToAQcbADzQ,Meet Ritesh Agarwal OYO Founder | Episode 62,2022-11-23T08:15:45Z,3194197,178262,0,6532
VYoxW9Rl3WI,Meet Love Birds Amrita Rao & RJ Anmol | Episode 61,2022-11-20T12:30:08Z,5885868,275872,0,6956
ctpo1O7ANk8,Meet Mister Proton | Episode 60,2022-11-18T05:24:04Z,1002471,72650,0,3585
c2qR_aQ-yJs,Meet Science and Fun Ashu Ghai | Episode 59,2022-11-16T09:26:03Z,3623284,237583,0,8122
B5cYq4u-HsI,Meet Civil Beings Sagar Dodeja | Episode 58,2022-11-14T06:27:07Z,916686,56433,0,3332
VwGR__vM8vU,Meet Josh Talks Founders | Episode 57,2022-11-11T07:37:49Z,1520222,85145,0,4268
xl5GRLN6Yb0,Meet Dear Sir | Episode 56,2022-11-09T06:53:08Z,2201952,138948,0,7201
54fDoB0Qnao,Mind Reading By Sandeep Maheshwari,2022-11-07T07:38:08Z,5056772,271631,0,23033
_3Zbc-O-Adw,Meet Tech Burner Shlok Srivastava | Episode 55,2022-11-04T14:42:15Z,4181633,288825,0,10151
dotgcPauLeo,Meet Gagan Pratap Maths | Episode 54,2022-11-02T06:04:04Z,2244941,136465,0,8078
fJQFzFZOboA,Meet Asset Yogi Mukul Malik | Episode 53,2022-10-31T08:54:41Z,872386,43799,0,3383
BIoixl2LLgg,Meet Mangesh Shinde WillPower Star | Episode 52,2022-10-29T06:03:55Z,1057135,55210,0,4436
P6gyWnb_E0M,Meet Laughter Champion Rajat Sood | Episode 51,2022-10-27T06:55:11Z,6827376,371521,0,10943
i0ZHTiDTS30,Meet Dr. Vikas Divyakirti | Episode 50,2022-10-24T10:30:11Z,16826499,994418,0,52493
8IjqQsmO9J0,Meet CoolMitra Motivation | Episode 49,2022-10-22T07:00:05Z,862199,52728,0,2884
kh5ZV7Nyi3A,"Meet Dr. Nirmal Gehlot, Founder of Utkarsh Classes Jodhpur | Episode 48",2022-10-20T06:11:14Z,1265932,93735,0,5686
TO9LdWFtl-U,Meet Satender Singh | Speak English With Confidence | Episode 47,2022-10-17T07:09:00Z,856270,54395,0,3539
GSau-ot0QHQ,Meet Zindagi With Richa | Episode 46,2022-10-15T09:30:48Z,1676579,100435,0,5294
Kdr7cKs_YQ0,Meet Mahatmaji Technical | Episode 45,2022-10-13T07:33:45Z,1026246,65038,0,3914
BGf2RS2Qqw8,Meet Sonu Sharma | Episode 44,2022-10-11T06:29:23Z,6171121,472600,0,21586
mu6DuidooOY,Meet Mr. Asia Yatinder Singh | Episode 43,2022-10-07T14:30:10Z,3153855,210348,0,12223
jntD0OY-zK8,Meet Magician Suhani Shah | Episode 42,2022-10-05T05:30:08Z,11767385,654161,0,24508
3lxv-hyEkbY,Meet Satish K Videos | Make Money Online | Episode 41,2022-10-03T06:59:32Z,1260912,81451,0,4494
ezmWdMXp6ys,Meet Aleena Rais | Speak English With Confidence | Episode 40,2022-09-30T05:52:57Z,6793438,329696,0,9108
i9ozuTlKqNo,Meet Superwoman Roshni Mukherjee | Episode 39,2022-09-28T06:43:14Z,2103537,134017,0,7122
-2K0l3tWnfM,Meet RJ Kartik | Episode 38,2022-09-26T06:20:46Z,1432288,106449,0,5997
Qkcf3jIZ1_U,Meet Shobhit Nirwan | Episode 37,2022-09-24T05:16:22Z,2084934,150414,0,6238
SSgn8Ci9LTk,Meet Ranveer Allahbadia BeerBiceps | Episode 36,2022-09-22T06:17:11Z,4196368,269388,0,9079
hnxiyvbj2SE,Meet GamerFleet Anshu Bisht | Episode 35,2022-09-19T07:15:05Z,6696751,485036,0,12761
7MMd0kqtVTs,Meet Ankur Warikoo | Episode 34,2022-09-16T08:01:46Z,2696809,169902,0,9769
_x8WGd_N0No,Meet Mahendra Dogney | Episode 33,2022-09-14T05:47:35Z,1916947,120923,0,6591
gtkOXvqt684,Meet Deepak Daiya | Episode 32,2022-09-12T06:50:45Z,1808490,109904,0,6490
sDJmvg9pOfI,Meet Vivek Sir & Vardaan Sir | Episode 31,2022-09-10T06:09:56Z,1556743,92862,0,6479
jrphIBsEWyg,Meet Swami Prakarshananda | Episode 30,2022-09-08T08:39:49Z,2056182,130678,0,9524
TWSCCmFQteY,Meet Khan Sir | Episode 29,2022-09-05T10:30:06Z,23148016,1668139,0,97993
dpTV690Obv0,Meet Kanak Khathuria | Episode 28,2022-09-02T07:21:53Z,1520226,78941,0,5381
YW5ZL_gYr-c,Meet Mr. Indian Hacker | Episode 27,2022-08-31T05:26:22Z,10226480,670937,0,25563
mcBIlbhofT4,Meet Technical Guruji | Episode 25,2022-08-26T06:31:15Z,5685409,393283,0,10698
NbWVhyadunc,Meet Dr. Ujjwal Patni | Episode 24,2022-08-23T06:48:52Z,2557376,163913,0,7570
vW81bejSmOw,Meet Manoj Dey | Episode 23,2022-08-18T11:37:36Z,4602773,317940,0,11539
FcGcuRXRKn0,Meet Chai Sutta Bar Founder Anubhav Dubey | Episode 22,2022-08-13T15:15:58Z,4570255,268494,0,6423
hWYCdrlf2iQ,Meet Coach BSR | Episode 21,2022-08-11T06:54:10Z,906253,53850,0,2964
OA21Ngd1fdM,Meet Anant Ladha | Make Money From Money | Episode 20,2022-08-08T13:06:35Z,1775938,99472,0,3817
dijtsMxqezE,Meet Neha Agrawal | Episode 19,2022-08-06T05:38:38Z,1890462,113705,0,5446
_a63zGy5hmQ,Meet Jaya Kishori | Episode 18,2022-08-02T08:12:51Z,10778473,644178,0,34596
77Ipv5Trf1M,Meet Sahil Khanna | Episode 17,2022-07-30T05:41:38Z,1049949,64983,0,4311
DotRzhpSToE,Meet Rachana Ranade | Make Money From Money | Episode 16,2022-07-28T09:20:27Z,3325334,163335,0,5463
KH5uFCTDRHc,Meet Abby Viral | Motivational Rapper | Episode 15,2022-07-23T11:52:43Z,1603446,126906,0,4804
z4zn1QLgoMY,Meet Pushkar Raj Thakur | Money Making Tips & Ideas | Episode 14,2022-07-21T06:45:22Z,3764329,205027,0,5612
5LTJj-EW5LM,Meet Abhinay Sharma | Mathematics Teacher | Episode 13,2022-07-18T07:18:35Z,4927993,315729,0,13382
rmBIZT0lRwQ,Meet Stand Up Comedian Haseeb Khan | Episode 12,2022-07-14T07:18:54Z,9389044,527190,0,11350
Ntb7Uw0JDto,Meet Alakh Pandey | Physics Wallah | Episode 11,2022-07-11T12:14:22Z,12380050,867598,0,31351
d1QP6f3zS_w,Meet Sourav Joshi Vlogs | Episode 10,2022-07-08T06:38:14Z,11335384,795799,0,20625
Aw6pnW_cq5Y,Meet A2 Motivation | Arvind Arora | Episode 9,2022-07-06T07:58:03Z,4341403,319011,0,9034
6rhhG-6ijEk,Meet My Parents,2022-07-02T10:03:21Z,5700468,420945,0,14183
ngk2a6rGQFI,Meet Himeesh Madaan | Motivational Speaker | Episode 8,2022-06-30T10:35:23Z,1667022,109404,0,5306
w4ZgksPXocs,Meet Kanchan Keshari | Speak English With Confidence | Episode 7,2022-06-25T06:35:57Z,4495134,198146,0,5800
QDWv0l7liHc,Meet Pranjal Kamra | Make Money From Money | Episode 6,2022-06-22T14:30:13Z,4935213,217086,0,5419
2C2SaoCog5w,Meet Vivek Mittal | Fit Tuber | Episode 5,2022-06-18T11:58:06Z,3381395,174803,0,5220
fSPt_KBXnSM,Meet Prafull Billore | Episode 4,2022-06-13T14:30:13Z,13273514,806230,0,17348
_nGOuYlHiH8,Meet Muddassir Khan | Founder of YeBook | Episode 3,2022-06-08T12:30:11Z,1717653,103536,0,4592
D3WbOPDxkx4,Meet Himanshi Singh | Episode 2,2022-06-01T08:03:10Z,4632154,262248,0,6914
wZ59ZgcuChY,Meet Aman Dhattarwal | Episode 1,2022-05-25T07:04:17Z,5151843,339711,0,11723
df2vWVIhUJI,Mast Rehna Seekho!!,2022-05-16T14:30:15Z,4449813,182015,0,4568
SY_qnGZDLA8,My Wife - Ruchi Maheshwari,2022-05-10T09:36:42Z,22250364,985331,0,21475
8d_2MOCmXFY,How to deal with Emotional Blackmail?,2022-05-06T10:21:35Z,899908,61225,0,1948
faple3eqPU0,Top 3 Daily Habits - By Sandeep Maheshwari | Motivational Video | Hindi,2022-05-04T07:16:26Z,3633830,184822,0,3627
tCB5ptqxN_8,Motivational Video By Sandeep Maheshwari - Wake Up!!,2022-04-28T12:07:52Z,2796002,138920,0,2941
ufaqv7XezB0,Khul Ke Jiyo,2022-04-21T10:14:20Z,2403154,137384,0,4683
LcKYbIFVWdU,POWER OF TRUTH - By Sandeep Maheshwari,2022-04-12T10:57:20Z,1389669,73058,0,2860
QhpmSmKX6r8,Career vs Love - By Sandeep Maheshwari | Hindi,2022-04-05T12:30:12Z,2333777,140671,0,3543
OEa-nc4CbAM,3 Signs of Greed - By Sandeep Maheshwari | Hindi,2022-03-23T07:50:21Z,714627,34518,0,2346
zMEG3Q7WXXQ,What is Patience? By Sandeep Maheshwari | Hindi,2022-03-16T12:14:38Z,1484984,65194,0,2256
xwYL2iGds6w,Relationship & Marriage - By Sandeep Maheshwari | Hindi,2022-03-14T07:20:23Z,1640545,68245,0,2239
54acVVq5clw,Self Respect - By Sandeep Maheshwari,2022-03-03T05:37:49Z,3460073,133172,0,3521
EMJ9AEnBLEo,Monkey Mind - By Sandeep Maheshwari | Hindi,2022-02-28T05:39:43Z,946208,42147,0,1759
8SwQOO7lXpY,How to change your conditioning? By Sandeep Maheshwari | Hindi,2022-02-24T09:34:37Z,864105,41966,0,1760
SRl335wMrQU,Self Realisation - By Sandeep Maheshwari | Hindi,2022-02-21T11:28:51Z,1256540,52623,0,2695
s2NISyShKXM,Daily Gratitude Affirmations - By Sandeep Maheshwari | Hindi,2022-02-19T12:47:28Z,4260056,140102,0,5719
QTjENitMJ00,Inferiority & Superiority Complex - By Sandeep Maheshwari | Hindi,2022-02-17T05:54:22Z,743892,33698,0,1559
wsPLOMOfQEA,#25 Brainstorming on FRIENDSHIP with Sandeep Maheshwari,2022-02-10T13:30:11Z,907935,45816,0,1794
R3TwBQYKUVE,#24 Brainstorming on EXPECTATIONS with Sandeep Maheshwari,2022-02-03T11:45:02Z,990761,44204,0,2135
u6yEJ4Pu0Lg,#23 Brainstorming on SENSE OF HUMOUR with Sandeep Maheshwari,2022-02-01T06:32:44Z,741790,35307,0,1968
OM--rXPXaJk,#22 Brainstorming on PERSONALITY with Sandeep Maheshwari,2022-01-27T07:45:41Z,1145526,51557,0,3002
ktoPYb4Jz1E,#21 Brainstorming on SMART WORK with Sandeep Maheshwari,2022-01-22T10:26:51Z,799455,37223,0,1904
CMgo-cEGtfg,#20 Brainstorming on OVERTHINKING with Sandeep Maheshwari,2022-01-18T07:17:27Z,1337819,51290,0,2406
J618VcUftYQ,#19 Brainstorming on SELF ESTEEM with Sandeep Maheshwari,2022-01-14T10:07:38Z,765267,34834,0,1683
YQG6K06W5fQ,#18 Brainstorming on CHALLENGES with Sandeep Maheshwari,2022-01-10T05:44:47Z,622997,28263,0,1265
uY22e22A9DU,#17 Brainstorming on CREATIVITY with Sandeep Maheshwari,2022-01-04T08:03:59Z,629181,29472,0,2374
fCC5Ci6_G0g,#16 Brainstorming on PURPOSE OF LIFE with Sandeep Maheshwari,2021-12-29T06:10:16Z,1083660,46672,0,3532
QWmAMPJFPNE,#15 Brainstorming on HAPPINESS with Sandeep Maheshwari,2021-12-24T05:31:00Z,834321,33350,0,1720
XsXjlsKqhw8,#14 Brainstorming on CAREER with Sandeep Maheshwari,2021-12-22T05:25:30Z,867360,42801,0,2161
6rbjMTytejM,#13 Brainstorming on INNOVATION with Sandeep Maheshwari,2021-12-17T10:22:03Z,490901,20989,0,1480
tsERq9K2eQg,#12 Brainstorming on RESPONSIBILITY with Sandeep Maheshwari,2021-12-14T09:26:14Z,606655,28303,0,1711
iK_HqQJImRc,#11 Brainstorming on QUESTIONING with Sandeep Maheshwari,2021-12-09T10:18:47Z,625668,25861,0,1434
7UVvFB7uWi0,#10 Brainstorming on CLARITY with Sandeep Maheshwari,2021-12-06T05:27:28Z,888549,37686,0,1673
DtRe-YDojow,#9 Brainstorming on BODY SHAMING with Sandeep Maheshwari,2021-12-02T05:12:57Z,1064439,41859,0,2316
pZP99ZvPl58,#8 Brainstorming on OBSERVATION with Sandeep Maheshwari,2021-11-29T06:12:14Z,859603,35803,0,1852
EXSwHz2GRV8,#7 Brainstorming on ENTREPRENEURSHIP with Sandeep Maheshwari,2021-11-24T05:48:41Z,859032,36439,0,1979
UVL6hzTvzvE,#6 Brainstorming on EDUCATION with Sandeep Maheshwari,2021-11-15T08:12:39Z,1108463,49899,0,3225
X0wi3kLbpz4,#5 Brainstorming on THE CONCEPT OF GOD with Sandeep Maheshwari,2021-11-09T05:51:05Z,1390431,52633,0,6686
1wtK3w3SmYs,#4 Brainstorming on FREEDOM with Sandeep Maheshwari,2021-11-03T06:47:06Z,814715,32342,0,1972
DXWAyKK-dh0,#3 Brainstorming on SELF SABOTAGE with Sandeep Maheshwari,2021-10-27T11:11:23Z,851630,31301,0,1903
QqTIOxpButE,#2 Brainstorming on GROWTH with Sandeep Maheshwari,2021-10-22T10:37:01Z,1054114,41020,0,4289
jiPZ4Sq5C6U,#1 Brainstorming on LOGIC vs FAITH with Sandeep Maheshwari,2021-10-11T06:26:39Z,1136805,48766,0,6473
ysM3Qbw_pMo,3 Business Fundamentals - By Sandeep Maheshwari | Hindi,2021-10-06T11:13:32Z,952931,39287,0,2351
-kEDGeepVlM,What is Fear? Episode 10 #PracticalPsychology,2021-10-04T09:54:00Z,721886,28356,0,2514
I117FuRFcps,What is Trauma? Episode 9 #PracticalPsychology,2021-10-01T10:48:42Z,551326,21780,0,1921
EAE_L7zAAyM,What is Narcissism? Episode 8 #PracticalPsychology,2021-09-29T10:35:03Z,821121,31810,0,3940
eDdnGE1c6vw,International Business Strategy - By Sandeep Maheshwari | Hindi,2021-09-24T05:16:01Z,479312,23634,0,1921
4W5N00l19SM,What is Addiction? Episode 7 #PracticalPsychology,2021-09-18T08:50:22Z,968061,44897,0,5984
soblCaix8CA,Seeker of Knowledge - By Sandeep Maheshwari | Hindi,2021-09-15T05:54:33Z,728674,41527,0,2910
XM26Hy63u_Y,What is Time? Episode 6 #PracticalPsychology,2021-09-10T06:25:48Z,875491,34686,0,3363
tQ44obdMdyQ,Most Important Advice For Starting Your Business - By Sandeep Maheshwari | Hindi,2021-09-07T08:02:26Z,902360,38909,0,1807
kkDgvudNSq8,How The Mind Works? By Sandeep Maheshwari | Hindi,2021-09-03T11:44:33Z,1722604,68211,0,3825
I2an9n-u7e8,How To Design Your Future? By Sandeep Maheshwari | Hindi,2021-08-28T06:42:34Z,965295,45242,0,3301
V64ZSldOhDw,Advice For 20 Year Old - By Sandeep Maheshwari,2021-08-18T05:44:08Z,1326305,69309,0,4446
rf1Zzs4wbCk,Work Less. Work Smart! By Sandeep Maheshwari | Hindi,2021-08-12T13:03:15Z,1169967,70290,0,4219
twhWsik1pG0,What Makes A Good Life? By Sandeep Maheshwari | Hindi,2021-07-26T07:55:19Z,1523997,67717,0,4775
74-zO9Skb6U,Work From Home - By Sandeep Maheshwari | Hindi,2021-07-23T06:22:37Z,670237,30307,0,1886
eBVdj_fR7fk,Relationship Advice For Young Couples - By Sandeep Maheshwari | Hindi,2021-07-21T07:25:01Z,2541101,113559,0,2853
wnj82mO2YmQ,What is Love? Episode 5 #PracticalPsychology,2021-07-18T07:00:10Z,1138024,49599,0,2805
tbZOdN7SxNk,What is Ego? Episode 4 #PracticalPsychology,2021-07-17T07:00:28Z,834519,31252,0,2228
mAAE51L5PnA,What is Conflict? Episode 3 #PracticalPsychology,2021-07-16T07:00:24Z,745038,26363,0,1733
9RWWK2pL2LY,What is Procrastination? Episode 2 #PracticalPsychology,2021-07-15T07:00:03Z,1052362,45458,0,2960
UH41lspON18,What is Past? Episode 1 #PracticalPsychology,2021-07-14T08:29:57Z,1189136,57560,0,3902
3oqSom_V7Zg,Face Your Fear - By Sandeep Maheshwari | Hindi,2021-07-12T07:30:16Z,1259095,57887,0,2363
1_3ROas99gY,Before You Invest Your Money... Watch This Video | Podcast #6,2021-07-09T06:01:12Z,1891271,73124,0,4052
0LkO0FnIDdY,HERO WORSHIP - By Sandeep Maheshwari,2021-07-07T06:05:33Z,518693,27444,0,1840
mSB8wMHxHKs,Financial Freedom - By Sandeep Maheshwari,2021-07-05T05:08:52Z,2440887,70868,0,4438
7gu-J9HpG2g,Law of Attraction - By Sandeep Maheshwari | Hindi,2021-07-02T08:19:23Z,1873382,78172,0,3549
UVpn0f2_90g,Self Discipline - By Sandeep Maheshwari | Hindi,2021-06-30T07:22:59Z,4346361,211222,0,5432
JVPsYTLLbLo,Apne Mind Ko Focus Kaise Karein? By Sandeep Maheshwari,2021-06-29T06:30:12Z,1730867,89056,0,2594
Phtp0ksvoYo,How to Build Your Career? By Sandeep Maheshwari | Motivational Video For Students | Hindi,2021-06-26T06:30:14Z,1083821,61708,0,2555
eN5eoLTg4vM,Stop Doing This - By Sandeep Maheshwari,2021-06-24T06:30:13Z,1248941,96903,0,3294
mCluBqFXC10,How to Change Yourself? By Sandeep Maheshwari | Hindi,2021-06-22T06:30:13Z,2774218,123439,0,2929
Cc0VVWbhGNs,How to Grow your Business? By Sandeep Maheshwari | Hindi,2021-06-19T07:00:10Z,820119,34110,0,1348
G7gYphR3V8c,Secret of a Happy Relationship - Sandeep Maheshwari | Hindi,2021-06-17T06:30:12Z,1065922,56835,0,1903
9TpclejUcQY,Think Fast. Think Smart! By Sandeep Maheshwari | Hindi,2021-06-15T06:30:14Z,2271877,118855,0,3372
kFNmPGgox8s,3 Morning Habits To Change Your Life - By Sandeep Maheshwari,2021-06-10T07:36:12Z,4611840,141709,0,3701
ZvhViEr1RaM,What is True Love? By Sandeep Maheshwari | Hindi,2021-06-08T13:30:13Z,940973,57012,0,2823
Br89FiG0P-A,One Way To Stop Overthinking - Sandeep Maheshwari,2021-05-22T05:11:20Z,1114512,60073,0,4449
BQhzcUX-KrU,How to Gain Momentum for Success? By Sandeep Maheshwari,2021-05-21T04:46:47Z,802012,42863,0,2376
niWggyktIF0,2 Habits That Will Change Your Life!! Sandeep Maheshwari,2021-05-20T07:40:37Z,1648763,78693,0,3465
bcw5cK9kOCU,3 Parenting Tips By Sandeep Maheshwari | Hindi,2021-05-19T04:38:41Z,1313779,49743,0,2804
VQfWZ3p_Wtk,Do What The 99% Are Not Doing - Sandeep Maheshwari | Hindi,2021-05-18T05:03:59Z,682759,39805,0,2328
EYYU35uas3A,3 Simple Ways To Live A Happy Life - Sandeep Maheshwari,2021-05-16T03:29:03Z,769097,43380,0,2717
KFVzFneh0j0,18-25 MUST WATCH this Motivational Video By Sandeep Maheshwari | Hindi,2021-05-14T04:48:51Z,2070333,118644,0,4528
E-WsaPtOyU0,Growth Mindset - Sandeep Maheshwari | Hindi,2021-05-13T04:27:02Z,855342,55614,0,2744
OOsa18C8OFU,How To Stop Negative Feelings & Emotions - Sandeep Maheshwari,2021-05-12T04:43:00Z,565564,37823,0,2205
oCxyVS6ovu4,Stop Wasting Your Life - Sandeep Maheshwari | Hindi,2021-05-11T04:47:56Z,1037272,64016,0,3013
n7dl6-aehLg,Apne Attitude Ko Aisa Banao - Sandeep Maheshwari,2021-05-10T13:41:03Z,842529,44668,0,2592
-bgGfoSR1H8,Make Anyone Instantly Like You üëç,2021-05-08T04:29:21Z,594261,45218,0,2119
tOtZutBkPrY,Zindagi Ka Kadwa Sach - Sandeep Maheshwari,2021-05-08T04:26:27Z,624781,33771,0,1582
W04JQJN_7LY,Khud Ki Value Badhana Seekho - Sandeep Maheshwari,2021-05-07T04:53:01Z,1409375,65368,0,2680
1yonmuNmEA0,"Whenever you feel sad, just remember this!!",2021-05-06T08:28:22Z,1469136,66228,0,3042
aCSKFWxCB30,2 Ways To Discover Your Passion - Sandeep Maheshwari,2021-05-04T07:25:32Z,1004648,53754,0,2322
60oW6q9_LEk,Should you listen to your Heart or Mind? By Sandeep Maheshwari,2021-05-03T13:19:20Z,458156,27111,0,1954
wBAn1wE89zg,How to handle people who hurt ‚ÄúYOU‚Äù - Sandeep Maheshwari | Hindi,2021-05-01T13:22:26Z,2030316,84797,0,3134
o_9UtgMwQ8Y,Advice For Every 20 Year Old - Sandeep Maheshwari,2021-04-30T08:59:09Z,1060515,68432,0,4022
nbiQvdKRsXs,Job vs Business - Sandeep Maheshwari,2021-04-29T06:51:02Z,2412864,103031,0,4601
1k10z9mL7Ik,Do This Every Morning And Night !! Q&A #10 With Sandeep Maheshwari,2021-04-23T06:10:13Z,6159013,283936,0,10925
tPjKr46tVwY,How To Stay Fit & Active? Podcast #5 | Diet & Nutrition Tips | Hindi,2021-04-20T13:30:17Z,10184837,238659,0,7668
zkV_0jZ8H-U,How to Boost Your Self Confidence? Q&A #9 With Sandeep Maheshwari,2021-04-16T13:30:16Z,1272130,66530,0,2994
e8aKK3cBBrM,LOGIC vs EMOTION - Q&A #8 With Sandeep Maheshwari | Hindi,2021-04-12T13:30:17Z,889690,44955,0,2677
o1ZqBL9hJkA,PHILOSOPHY OF LIFE - Q&A #7 With Sandeep Maheshwari,2021-04-09T13:30:16Z,1697375,74294,0,5686
KyQZ89sGo-k,Don't Waste Your Money - Q&A #6 With Sandeep Maheshwari,2021-04-06T13:30:16Z,1344536,72774,0,4171
nbUyiEjhVPk,PSYCHOLOGY OF HAPPINESS | Podcast #4,2021-04-02T13:30:16Z,2337692,99806,0,5091
Dws4-ZhcutU,BELIEVE IN YOURSELF - Q&A #5 With Sandeep Maheshwari,2021-03-30T13:30:15Z,1779574,84262,0,3264
41hOyt1IfBY,MINDSET IS EVERYTHING - Q&A #4 With Sandeep Maheshwari,2021-03-26T13:30:16Z,1860304,90333,0,4667
EORrojq9CbE,How To Become Physically Strong? Podcast #3,2021-03-22T13:30:14Z,2036705,104483,0,4624
ZBb-YfjjzgM,What to do if Life Seems Meaningless? Q&A #3 With Sandeep Maheshwari,2021-03-19T13:30:11Z,1448921,61710,0,3039
4WXiyQOGuk4,How To Start Your Own Business? Q&A #2 With Sandeep Maheshwari | Startup & Entrepreneurship | Hindi,2021-03-16T13:30:16Z,2170890,97225,0,4822
v0AyEwcT7r8,5 Habits of a Successful Relationship |¬†Podcast #2,2021-03-12T13:30:16Z,3767713,148637,0,5099
ATCfSYHiBy8,Q&A #1 With Sandeep Maheshwari!!,2021-03-09T13:30:16Z,1235515,72839,0,6192
BDOYGO5DTxs,The Psychology of Self Motivation | Podcast #1,2021-03-03T13:30:16Z,2047468,96190,0,8273
H2N3U8l7LHA,"Before you make fun of someone, just watch this story!!",2021-02-27T08:06:28Z,1721353,135936,0,4817
-DZmXyJGIQI,EP 05 - THE FINALE - CAUGHT IN THE WEB | A Thought Provoking Series By Sandeep Maheshwari | Hindi,2021-02-19T13:30:14Z,741749,44576,0,4177
nrMPZ0wcHIw,EP 04 - CAUGHT IN THE WEB - NEUROLOGY | A Thought Provoking Series By Sandeep Maheshwari | Hindi,2021-02-15T13:30:15Z,861543,48405,0,2947
PJIsXQNzio8,EP 03 - CAUGHT IN THE WEB - PSYCHOLOGY | A Thought Provoking Series By Sandeep Maheshwari | Hindi,2021-02-10T13:30:15Z,1066986,69917,0,4551
M8BjKzV6BlM,EP 02 - CAUGHT IN THE WEB - ALGORITHM | A Thought Provoking Series By Sandeep Maheshwari | Hindi,2021-02-07T13:30:12Z,1139778,94392,0,7015
DdWnzbvYHIU,EP 01 - CAUGHT IN THE WEB - BODY | A Thought Provoking Series By Sandeep Maheshwari | Hindi,2021-02-01T13:30:13Z,2288931,167145,0,10800
kdXa4J_lKcY,TOP 10 MOTIVATIONAL STORIES - By Sandeep Maheshwari | Compilation of Best Stories in Hindi,2021-01-21T13:30:05Z,13067915,407677,0,8769
65E50B4_Hs0,THE GOLDEN FRUIT - A Thought Provoking Story By Sandeep Maheshwari,2021-01-18T13:30:10Z,1682387,155405,0,5644
HCx-dkmJUVo,CAUGHT IN THE WEB - By Sandeep Maheshwari | Introduction,2021-01-14T13:30:11Z,866788,88487,0,5046
h-NjW4Wupzs,How to Choose the right Career? By Sandeep Maheshwari | Hindi,2021-01-13T13:30:02Z,3649451,196335,0,5426
rqaYg-5kFe0,"Whenever you feel like giving up, just watch this video!!",2021-01-11T13:30:12Z,2080370,197548,0,5661
_2Vqz9YLvew,The Biggest Secret of a Happy Relationship - By Sandeep Maheshwari | Hindi,2021-01-09T06:59:46Z,728777,45576,0,1879
tgGIQguu_MU,Negative Thoughts Ko Khatam Karna Seekho - By Sandeep Maheshwari,2021-01-07T13:30:10Z,3905445,171926,0,5851
-kh24Th7TJ4,DISCOVER YOUR SUPER POWER!! Powerful Motivational Story By Sandeep Maheshwari,2021-01-05T13:30:11Z,1480924,151585,0,7166
AZ5aP82_agc,How to get rid of Mobile Addiction? By Sandeep Maheshwari | Hindi,2020-12-30T14:30:11Z,2232587,156201,0,6604
yurBQ6BHxgs,Dil Se Judna Seekho - By Sandeep Maheshwari,2020-12-29T13:30:05Z,698556,49929,0,2724
PNAkSTpUbb8,You are NOT less than anyone!!,2020-12-24T13:30:10Z,7754864,344342,0,6350
ys3iwwjAsVA,"""What is the source of my knowledge?"" - Sandeep Maheshwari | Hindi",2020-12-23T10:31:53Z,936422,63408,0,3277
ONxblEQMJS0,Don't Act Like A Monkey | Short Motivational Story By Sandeep Maheshwari in Hindi,2020-12-22T10:02:59Z,1174913,119340,0,4998
RZHTnksPXxM,How to find Inner Peace & Happiness? By Sandeep Maheshwari (In English),2020-12-21T13:30:12Z,855361,51135,0,2930
2Yk9puTCHlQ,How to make the Right Decision? By Sandeep Maheshwari I Hindi,2020-12-16T13:30:00Z,1190755,76700,0,3339
rdh1EXaeEx8,"Whenever you feel sad, just listen to this story!!",2020-12-15T13:30:10Z,13878349,776947,0,13740
SruLnqiC9sk,What is Comfort Zone? By Sandeep Maheshwari | Hindi,2020-12-12T13:30:11Z,1482947,100949,0,3619
2err3xKs4lI,How to become financially independent? By Sandeep Maheshwari | Hindi,2020-12-11T13:30:00Z,1344923,73578,0,3390
d-xAAiKGotg,Focus On Your Vision - By Sandeep Maheshwari I Hindi,2020-12-10T13:30:03Z,1167882,79521,0,3229
6gAXOTIu6DE,The Secret of Marketing - By Sandeep Maheshwari | Hindi & English,2020-12-09T13:30:00Z,1029547,57451,0,2864
keMCIPiGMXQ,Be Fearless - Sandeep Maheshwari | Powerful Motivational Story,2020-12-08T13:30:11Z,6673960,368187,0,8891
Ve_u9rAHmlg,The Power of Self Control - By Sandeep Maheshwari | Hindi,2020-12-07T11:35:38Z,2490722,126006,0,6367
AfOJIDTCGC0,Think and Grow Rich - Motivational Speech By Sandeep Maheshwari | Hindi,2020-12-03T14:13:26Z,5798312,267600,0,10144
b9EYI2N6j90,Short Motivational Story By Sandeep Maheshwari | Apni Nazar Ko Badlo,2020-11-26T06:30:01Z,1794439,137429,0,3931
EGT8BxoR7MQ,Your Habits Decide Your Future - By Sandeep Maheshwari | Hindi,2020-11-25T05:58:06Z,2638545,118859,0,3932
SgWHUlry-I4,Can we fulfill all the EXPECTATIONS of someone? By Sandeep Maheshwari,2020-11-24T06:04:57Z,588117,46429,0,2630
0sr3Gcrh9vk,JUST DO IT FOR 7 DAYS TO CHANGE YOUR LIFE! By Sandeep Maheshwari | Hindi,2020-11-23T06:32:52Z,5698042,262476,0,6296
J3dxSURUw2o,"Whenever you feel angry, just listen to this story!!",2020-11-21T07:12:16Z,7376136,343574,0,6999
kBo3ipDEH6k,POWERFUL MOTIVATIONAL VIDEO By Sandeep Maheshwari | Best Motivational Quotes,2020-11-19T06:10:10Z,18402021,623913,0,14023
-ozOLVOS-R8,#1 Secret to Stay Motivated All The Time - By Sandeep Maheshwari | Hindi,2020-11-17T05:59:40Z,5615177,375133,0,8967
L_8qPqhto8I,Apne Aap Se Pyaar Karna Seekho - By Sandeep Maheshwari | A Heart Touching Story in Hindi,2020-11-11T06:58:23Z,2904170,202873,0,5408
oo5KkVhRevY,The Best Way To Sharpen Your Mind By Sandeep Maheshwari | Hindi,2020-11-09T06:01:28Z,1574557,97147,0,3615
9SzBuTa-HKI,How to increase the Level of Your Understanding? By Sandeep Maheshwari | Hindi,2020-11-07T05:59:12Z,1243184,84621,0,3968
fp-sCJ2D5No,"When your mind is disturbed, just watch this video!!",2020-11-04T06:44:21Z,1436938,131057,0,5110
Sn2xeBEECeI,How To Choose Your Life Partner? By Sandeep Maheshwari,2020-10-31T05:54:36Z,2319859,128880,0,5407
aAGrwUz99SI,"""NEVER FIGHT WITH A PIG"" - By Sandeep Maheshwari | Hindi",2020-10-30T07:15:21Z,1172006,95893,0,4485
7APsUk74ziw,How to let go of the Past? By Sandeep Maheshwari,2020-10-29T07:17:01Z,1782813,107037,0,6372
JEwiZ0g2k1Y,ATTITUDE ‡§π‡•ã ‡§§‡•ã ‡§ê‡§∏‡§æ... MOTIVATIONAL VIDEO By Sandeep Maheshwari,2020-10-28T06:13:12Z,7773439,359024,0,5650
eOoPjX2jmDc,Apne Lakshya Ko Kaise Haasil Kare? By Sandeep Maheshwari,2020-10-26T07:35:44Z,1491064,99257,0,4797
M38O01lJHiY,"""Bure Vaqt Ka Bhi... Bura Vaqt Aata Hai"" By Sandeep Maheshwari | Short Motivational Story in Hindi",2020-10-24T07:25:01Z,3114022,246423,0,7646
UNZFEDfmCNQ,THE STORY OF A BUTTERFLY - By Sandeep Maheshwari | Inspirational Video in Hindi,2020-10-22T07:46:44Z,1295728,87761,0,4692
41FJzpZltFk,TRY IT FOR 21 DAYS TO CHANGE YOUR LIFE! By Sandeep Maheshwari | Hindi,2020-10-20T07:48:59Z,5717385,281307,0,7699
u4VHqtXrRjw,Apne PASSION Ko PROFESSION Kaise Banaye? By Sandeep Maheshwari,2020-10-15T05:38:29Z,885503,67754,0,4921
_cl_F_YDJRo,Sandeep Maheshwari on Leonardo da Vinci | Hindi,2020-10-14T11:53:40Z,1375600,83659,0,4628
LRgHocTw2SE,MY PLEDGE,2020-10-09T12:23:57Z,1622638,255248,0,31127
CAJfTFS2Pm0,BEWARE OF FRAUD,2020-10-07T11:58:48Z,1255115,168667,0,8920
96iaZxKRmKg,LISTEN TO THIS EVERY NIGHT Before You Sleep | Peaceful Night Affirmations By Sandeep Maheshwari,2020-10-05T16:30:11Z,24487080,756114,0,14291
T53vxmdzC34,LOVE vs ATTACHMENT - By Sandeep Maheshwari | Hindi,2020-10-03T11:40:06Z,695887,51965,0,2980
5OGXzJGe-fI,How do YOU understand YOURSELF? By Sandeep Maheshwari,2020-10-01T06:09:47Z,1376489,82800,0,4713
29vgMW8K6Iw,‡§¨‡§ø‡§®‡§æ ‡§™‡•à‡§∏‡•á ‡§ï‡•á Business ‡§ï‡•à‡§∏‡•á ‡§ï‡§∞‡•á‡§Ç | How to Start a Business with No Money? By Sandeep Maheshwari,2020-09-29T06:38:40Z,4181081,188021,0,7273
kEGgDifEx7Q,Sandeep Maheshwari on Socrates | Hindi,2020-09-24T11:41:58Z,1725393,95294,0,6704
xB5jQ5uoJNY,ENERGETIC MOTIVATIONAL VIDEO By Sandeep Maheshwari | INSPIRATIONAL QUOTES IN HINDI,2020-09-22T07:58:07Z,5278505,250503,0,8038
bIg5Q0jAGs4,Ruchi Maheshwari - My Better Half!!,2020-09-19T07:08:59Z,5194475,266485,0,9409
zYetcs7vAjI,SECRET OF SUCCESSFUL LIFE - By Sandeep Maheshwari | Hindi,2020-09-18T06:44:48Z,1153452,89240,0,3829
fG1oNm2tCro,MORNING MOTIVATIONAL VIDEO - Sandeep Maheshwari | DAILY MORNING AFFIRMATIONS Hindi,2020-09-16T06:56:10Z,42326418,1269279,0,28744
HTyhPS4duD4,Apne Mind Ko Shant Karna Seekho - By Sandeep Maheshwari,2020-09-12T06:52:19Z,5745548,253215,0,8711
qfgtMi_bWyI,Sandeep Maheshwari on Helen Keller | Hindi,2020-09-10T10:32:14Z,1129662,78191,0,5108
u3I2huOYYK8,Confusion Ko Khatam Kaise Kare? By Sandeep Maheshwari,2020-09-07T08:16:21Z,2009006,126670,0,5793
c6NGgtI3LpE,Sandeep Maheshwari on Swami Vivekananda,2020-09-05T07:15:40Z,3404395,206794,0,10364
dbt-RB18az0,Sandeep Maheshwari on Warren Buffett | Hindi,2020-09-02T11:22:48Z,3280473,157123,0,7227
-mXNWS_1h_4,‡§¶‡§ø‡§Æ‡§æ‡§ó ‡§ï‡•ã ‡§§‡•á‡§ú‡§º ‡§ï‡•à‡§∏‡•á ‡§ï‡§∞‡•á‡§Ç | How to Boost Your Brain Power? By Sandeep Maheshwari,2020-08-31T08:26:36Z,3528985,202906,0,7613
fCQTq_iLWHY,Say This To Yourself EVERY Morning - By Sandeep Maheshwari | Hindi,2020-08-28T07:30:13Z,2042161,139321,0,7420
7F-5lRIgPJ8,Sandeep Maheshwari on Bill Gates | Hindi,2020-08-26T12:30:12Z,1542142,101354,0,6675
PO6yEHek4ts,‡§¨‡§ø‡§®‡§æ ‡§ï‡§ø‡§∏‡•Ä ‡§°‡§∞ ‡§ï‡•á ‡§ú‡§ø‡§Ø‡•ã | Live Without Fear - By Sandeep Maheshwari,2020-08-25T07:33:00Z,514324,33442,0,2277
sEGoPFZrOBU,How to Stop Negative Thoughts? By Sandeep Maheshwari,2020-08-24T05:22:05Z,796610,50114,0,3510
FbwRG2xqmFQ,Sandeep Maheshwari on Acharya Chanakya | ‡§Ü‡§ö‡§æ‡§∞‡•ç‡§Ø ‡§ö‡§æ‡§£‡§ï‡•ç‡§Ø,2020-08-22T07:09:55Z,3489237,198887,0,10337
rHhtnxyrAu4,Sandeep Maheshwari on Dr. A.P.J. Abdul Kalam,2020-08-18T11:09:07Z,2644745,168136,0,8761
0JLQBTT3AFE,Sandeep Maheshwari on Bruce Lee | Hindi,2020-08-14T12:23:35Z,1769358,115263,0,7681
35GaU_IUNrs,Sandeep Maheshwari on Elon Musk | Hindi,2020-08-11T10:50:03Z,4018023,223175,0,11356
4oJIj99k1QE,‡§™‡§¢‡§º‡§æ‡§à ‡§Æ‡•á‡§Ç ‡§Æ‡§® ‡§ï‡•à‡§∏‡•á ‡§≤‡§ó‡§æ‡§Ø‡•á‡§Ç | How to focus on studies? By Sandeep Maheshwari,2020-08-10T07:54:47Z,5232124,378789,0,13039
9Nwbc4j1Jzs,Sandeep Maheshwari on Steve Jobs | Hindi,2020-08-07T12:30:12Z,1748824,111719,0,7606
Q4kR6vM8xvQ,POWERFUL MOTIVATIONAL SPEECH - By Sandeep Maheshwari | Latest Video 2020 | Hindi,2020-08-06T11:42:23Z,8264259,509664,0,12952
RQgSyIDqVQY,Sandeep Maheshwari on Albert Einstein | Hindi,2020-07-28T11:39:33Z,4010915,271611,0,72064
8X0gNEbFWKw,How to Control Your Anger Before it Controls You? By Sandeep Maheshwari | Hindi,2020-07-25T10:22:32Z,913096,63010,0,4287
JT2h6i1IADA,How to stop feeling bad? By Sandeep Maheshwari | Hindi,2020-07-18T07:16:56Z,909663,59162,0,3441
X5eAOZK34y4,How to handle people who hurt you? By Sandeep Maheshwari | Hindi,2020-07-14T07:12:47Z,2294357,134810,0,6901
osqNn_9HdgU,World's Best Life Changing Book - By Sandeep Maheshwari | Hindi,2020-07-11T06:37:29Z,7018627,259418,0,11251
ZfPISsIIKQw,POWERFUL MOTIVATIONAL VIDEO By Sandeep Maheshwari | Best Inspirational Quotes in Hindi,2020-07-04T07:37:12Z,15806188,761704,0,21357
LTGH1ZnZ_08,SABSE BADA MOTIVATION - By Sandeep Maheshwari,2020-03-21T12:30:11Z,2744402,135163,0,5243
k7vHjEKiwVM,Jaldi Decision Kaise Lein? By Sandeep Maheshwari,2020-03-18T12:30:09Z,2937018,138324,0,4344
QjO02NuhthM,Mentally Strong Kaise Bane? By Sandeep Maheshwari,2020-03-11T12:30:02Z,11242362,437531,0,8321
dXL3xF-NDaQ,How to get rid of Emotional Pain? By Sandeep Maheshwari | Hindi,2020-03-04T12:30:12Z,5937013,287176,0,9410
yI_txg4AZNI,‡§ú‡§º‡•ç‡§Ø‡§æ‡§¶‡§æ ‡§∏‡•ã‡§ö‡§®‡§æ ‡§õ‡•ã‡§°‡§º‡•ã - Sandeep Maheshwari | How To Stop Overthinking?,2020-02-26T12:30:09Z,15863706,572343,0,13719
juJ37y04Aj8,How to attend Sandeep Maheshwari's LIVE SESSION?,2020-02-22T07:00:06Z,888287,69887,0,3803
hxRJTjeDvuY,Time Ko Aag Lagaana Band Karo - Motivational Video By Sandeep Maheshwari,2020-02-19T12:30:14Z,3899312,213412,0,6710
Mg0FpVtO9MY,What is Self Love? By Sandeep Maheshwari | Hindi,2020-02-12T12:30:11Z,2300476,129679,0,3949
qk1Bj58N6Pc,ATTITUDE IS EVERYTHING - By Sandeep Maheshwari | Hindi,2020-02-05T12:30:10Z,6803520,331652,0,7324
cCjOAtoTdos,How to be an All-Rounder in life? By Sandeep Maheshwari | Hindi,2020-01-29T12:30:09Z,3098663,171815,0,5289
RCm8sb5GgRY,Apne Dar Ko Jeetna Seekho - By Sandeep Maheshwari,2020-01-22T12:30:10Z,2270057,105305,0,3315
mSgsuphgLo4,3 Signs of a Foolish Person - By Sandeep Maheshwari | Hindi,2020-01-15T12:30:02Z,5043431,227199,0,7361
UEsIVukGPdU,Jitna Bada Challenge Utni Badi Success - By Sandeep Maheshwari,2020-01-08T06:25:43Z,2884679,148083,0,5106
NDtGxujpdC8,3 Steps to Control Your Mind - By Sandeep Maheshwari | Motivational Video | Hindi,2019-12-26T12:30:01Z,8231424,344552,0,8881
tk9TNMgySbw,Apni Kismat Ko Badalna Seekho - By Sandeep Maheshwari,2019-12-18T12:30:03Z,3394087,132138,0,4982
BSioUvySgJQ,Full Talk #3 By Sandeep Maheshwari - What do we really want?,2019-11-27T12:30:11Z,1687909,65427,0,4063
FMEw0Jr-z9o,Full Talk #2 By Sandeep Maheshwari - YOU ARE LIMITLESS,2019-11-20T11:15:35Z,2308570,88518,0,4868
rcRCOzwq-N0,Full Talk #1 By Sandeep Maheshwari - How to practically change your life?,2019-11-06T10:15:57Z,5212383,168810,0,7279
IbxMjrKGyPM,How to stay Motivated all the time? By Sandeep Maheshwari,2019-10-23T07:47:49Z,1605171,82111,0,2897
RI5zPe4ciiI,What is Real Love? By Sandeep Maheshwari I Hindi,2019-10-19T07:13:33Z,13000368,628469,0,13469
S408c_XlYpc,Apne Nazariye Ko Badalna Seekho - By Sandeep Maheshwari,2019-10-17T10:55:16Z,2962505,135565,0,4235
I0iSpVJqiGg,How to increase your Confidence? By Sandeep Maheshwari I Hindi,2019-10-15T10:12:01Z,2902854,134543,0,4049
8iBNHZCpbuM,‡§ö‡§æ‡§£‡§ï‡•ç‡§Ø ‡§®‡•Ä‡§§‡§ø | Chanakya Neeti - By Sandeep Maheshwari,2019-10-12T06:36:27Z,3522500,178519,0,4175
rC8BYN1pkW4,Best Advice For Every 20 Year Old - By Sandeep Maheshwari I Hindi,2019-10-09T12:05:53Z,6392482,377538,0,8614
H8xMIjz6LRY,Peace of Mind - By Sandeep Maheshwari,2019-10-03T11:25:46Z,3893098,131121,0,5488
LknADkbbekc,Make Money From Money - By Sandeep Maheshwari | Hindi,2019-09-25T11:00:58Z,52857623,1166282,0,27645
M5lErZLqo2Y,Kuch Bada Karna Hai To Ye Yaad Rakhna - By Sandeep Maheshwari,2019-09-18T10:30:04Z,10995641,484524,0,12074
32ykLQSDTGo,Ye 3 Kaam Kabhi Mat Karna - Motivational Video By Sandeep Maheshwari,2019-09-11T12:14:39Z,7355750,265809,0,7615
bK5lGMF4axA,Apne Andar Ke Talent Ko Kaise Pehchane - By Sandeep Maheshwari,2019-09-05T14:13:03Z,15653235,782017,0,15236
0uLLuodEFhE,Secret of a Happy Relationship - By Sandeep Maheshwari I Hindi,2019-08-28T12:28:13Z,10859849,504317,0,11511
EDoD6K-xPro,Khud Ko Kisi Se Kam Mat Samjho - Motivational Speech By Sandeep Maheshwari,2019-08-21T10:59:49Z,10462492,358718,0,10067
BL9WblAEK_A,How to Conquer your Biggest Fear? By Sandeep Maheshwari I Hindi,2019-08-14T09:35:30Z,2030604,89857,0,4125
1SZ92qTNWCk,How to ACHIEVE MORE in LESS TIME? By Sandeep Maheshwari I Motivational Video in Hindi,2019-08-06T10:57:42Z,3821619,179900,0,5515
af3Dmfsotbc,Stop Being An Emotional Fool - Motivational Video By Sandeep Maheshwari,2019-07-31T11:00:21Z,9095683,385144,0,11301
tVd0yX19cUY,#10 How to Start a Business with No Money? By Sandeep Maheshwari I Hindi #businessideas,2019-07-24T11:18:03Z,1032436,44337,0,2536
rTCq9gosTyE,#9 How to Start a Business with No Money? By Sandeep Maheshwari I Hindi #businessideas,2019-07-24T11:05:14Z,1037329,41649,0,1360
CFUvF3xXUqk,#8 How to Start a Business with No Money? By Sandeep Maheshwari I Hindi #businessideas,2019-07-24T10:54:02Z,760995,29717,0,1273
DHlGW3dJNFE,#7 How to Start a Business with No Money? By Sandeep Maheshwari I Hindi #businessideas,2019-07-24T10:34:20Z,834847,32856,0,1336
0lfHRvvV-qI,#6 How to Start a Business with No Money? By Sandeep Maheshwari I Hindi #businessideas,2019-07-10T06:23:30Z,1291082,52021,0,3220
xss3FK58EV8,#5 How to Start a Business with No Money? By Sandeep Maheshwari I Hindi #businessideas,2019-07-10T06:04:25Z,1271368,49875,0,2023
eIfTcEt3Nw4,#4 How to Start a Business with No Money? By Sandeep Maheshwari I Hindi #businessideas,2019-07-03T11:08:07Z,1679622,73398,0,4392
Oh8XqWASsts,#3 How to Start a Business with No Money? By Sandeep Maheshwari I Hindi #businessideas,2019-06-26T10:39:54Z,1998534,84992,0,4791
VCpHNvc3nvE,#2 How to Start a Business with No Money? By Sandeep Maheshwari I Hindi #businessideas,2019-06-19T10:32:44Z,5635998,251870,0,13512
Rf4rU1hwQXc,#1 How to Start a Business with No Money? By Sandeep Maheshwari I Hindi #businessideas,2019-06-08T07:47:58Z,15421547,593618,0,16335
LrnynQqYFXo,Sirf 1 Tareeka Hai Khush Rehne Ka - Sandeep Maheshwari,2019-05-29T12:21:00Z,15025552,443716,0,15329
gdojwO396uM,How to make the IMPOSSIBLE POSSIBLE? By Sandeep Maheshwari I Motivational Video in Hindi,2019-05-15T10:34:53Z,6033370,281058,0,8731
eAK14VoY7C0,How to deal with Depression and Anxiety? By Sandeep Maheshwari I Hindi,2019-05-08T10:43:22Z,10739119,371598,0,19949
KkvTqnGwK1o,Apne Mind Ko Clear Karna Seekho - By Sandeep Maheshwari I Mind Mapping Technique,2019-05-01T11:46:22Z,5462740,198759,0,5548
fow__sEVsno,Shyness ‡§ñ‡§§‡•ç‡§Æ ‡§ï‡•à‡§∏‡•á ‡§ï‡§∞‡•á‡§Ç? By Sandeep Maheshwari,2019-04-25T11:35:20Z,9593538,462354,0,13802
erFaJDxz6Xg,The Journey to 10 Million Subscribers!!!,2019-04-20T06:40:00Z,3794446,242273,0,17775
4-NiO3tq8mw,‡§ú‡§¨ ‡§π‡§ø‡§Æ‡•ç‡§Æ‡§§ ‡§ü‡•Ç‡§ü‡•á ‡§§‡§¨ ‡§ï‡•ç‡§Ø‡§æ ‡§ï‡§∞‡•á‡§Ç? Motivational Speech by Sandeep Maheshwari,2019-04-10T11:21:43Z,9128990,292925,0,10527
BYc4ipPBuaA,How to Relax your Mind? By Sandeep Maheshwari I Hindi,2019-04-03T11:26:50Z,8972209,256184,0,7410
LBB_Yzb7Bi8,Dar Se Mat Daro - By Sandeep Maheshwari,2019-03-27T13:19:12Z,4031885,154100,0,5428
vE1F3-Nx1NY,Apne Parents Ko Kaise Samjhaye? By Sandeep Maheshwari,2019-03-19T11:53:03Z,2495543,132718,0,5221
piyhZoOaDag,Akelapan Dur Kaise Kare? By Sandeep Maheshwari,2019-03-14T13:36:10Z,11001540,464149,0,31241
tDODeGh3JGs,What is True Love? By Sandeep Maheshwari I Hindi,2019-03-06T12:17:26Z,4347238,201973,0,6658
ltIN53hRAXw,Khud Ko Samjho - By Sandeep Maheshwari,2019-02-28T13:01:56Z,5966552,204779,0,7411
B7u_bIeTc1I,Ache Logo Ke Saath Bura Kyun Hota Hai? By Sandeep Maheshwari,2019-02-21T11:10:29Z,11967402,426941,0,14628
MpJKNYiJSAs,Heart vs Mind - By Sandeep Maheshwari I Hindi,2019-02-13T12:46:33Z,6352927,294833,0,9376
hE6I9apUvrk,How to improve Communication Skills? By Sandeep Maheshwari I Hindi,2019-01-31T07:13:07Z,14009160,545765,0,10146
AmTbx_8SMMw,How to Focus on your Goal? By Sandeep Maheshwari I Hindi,2019-01-23T12:42:22Z,9870707,439936,0,16333
AwRfvtCpdiQ,Don't Waste Your Time - By Sandeep Maheshwari I Hindi,2019-01-16T12:47:40Z,17493892,766824,0,19064
gwKSWd75snE,Apne Andar Ke Dar Ko Jeeto - By Sandeep Maheshwari,2019-01-03T10:49:38Z,10250942,375679,0,11684
t6Kw3n9CNrc,How to Stay Motivated all the time? By Sandeep Maheshwari I Hindi,2018-12-27T13:22:23Z,7784120,328831,0,9154
EinlIf5yfYQ,Apni Kahani Khud Likho - By Sandeep Maheshwari,2018-12-18T10:13:34Z,5557120,230590,0,7615
sBRN4fdu_74,100% Jeena Seekho - By Sandeep Maheshwari,2018-12-12T11:12:26Z,4336785,172212,0,8214
NHQHExbYbVM,How to live Happily? By Sandeep Maheshwari,2018-12-05T08:10:06Z,2279483,95593,0,4831
Tj1Pyf8oFBs,THE END - By Sandeep Maheshwari,2018-11-29T13:29:57Z,3999459,165700,0,9911
1K0dgh8O8AQ,Sangati Ka Asar - By Sandeep Maheshwari,2018-11-21T13:12:05Z,1700478,76312,0,4416
s_1bFkC2tRY,3 Signs of TRUE LOVE - Sandeep Maheshwari | Hindi,2018-11-14T11:07:12Z,18106773,739923,0,23440
NX0pIxLihn4,Family ‡§ï‡•Ä Situation vs ‡§Ü‡§™‡§ï‡•á Goals - By Sandeep Maheshwari,2018-11-08T06:03:19Z,5282260,259454,0,8595
R8OFOURSZZA,Addiction To Education (‡§™‡§¢‡§º‡§æ‡§à ‡§ï‡•Ä ‡§≤‡§§) By Sandeep Maheshwari,2018-10-31T10:19:17Z,22864410,848400,0,20851
aFIsyEfXDIw,Do What The 99% Are Not Doing - By Sandeep Maheshwari,2018-10-24T07:55:39Z,6666339,239047,0,8448
HPrhvo6OlBI,3 Things You Must Do Everyday - By Sandeep Maheshwari I Hindi,2018-10-17T08:32:58Z,4454607,198611,0,7412
Pfbnc-u8Ta4,How to control your ANGER? By Sandeep Maheshwari,2018-10-09T10:04:07Z,5484891,221686,0,7290
dIlmtkRZK8g,How to control your Subconscious Mind? By Sandeep Maheshwari I Hindi,2018-10-03T10:46:46Z,3895279,161624,0,6158
it29M1nkn38,Choose YOUR OWN Path - By Sandeep Maheshwari,2018-09-20T12:33:44Z,2063040,71878,0,3927
u6gEkCp0f08,What is Love? By Sandeep Maheshwari,2018-09-15T12:50:41Z,10842691,434214,0,14231
W0UGEDbjBDs,Apne Mind Ko Shant Kaise Kare? By Sandeep Maheshwari,2018-09-11T10:09:29Z,21063504,697484,0,18816
gpuqFNGxab8,Bina Kisi Dar Ke Jeena Seekho - By Sandeep Maheshwari,2018-08-28T10:43:09Z,9248973,272683,0,9167
ktBZ1UKKN28,Khud Ki Value Badhao - By Sandeep Maheshwari,2018-08-21T10:22:44Z,12940804,472511,0,10177
kFRowYi8uvA,Aalas Kaise Dur Karein - By Sandeep Maheshwari,2018-08-16T10:45:13Z,10789517,388153,0,10900
PgluKyEwuoE,Khud Ko Sahi Direction Dena Seekho - By Sandeep Maheshwari,2018-08-09T10:14:32Z,6768885,252089,0,9258
VPN9yPyKEqU,Akele Khush Rehna Seekho - By Sandeep Maheshwari,2018-08-01T10:27:13Z,26278689,845010,0,26425
2FM210lmDBI,What is Real Intelligence? By Sandeep Maheshwari I Hindi,2018-07-25T10:59:37Z,2567984,109346,0,4836
pCZ1kToC70g,Why Don't I Earn Money From My Sessions? By Sandeep Maheshwari I Hindi,2018-07-18T09:54:41Z,1973084,140204,0,10065
oLrrQl8d28A,Stop Giving Excuses - By Sandeep Maheshwari I Hindi,2018-07-11T11:13:57Z,2494375,112039,0,4422
SUwp1_uI9Ug,Smart Work vs Hard Work - By Sandeep Maheshwari I Hindi,2018-07-03T10:16:01Z,2657296,109252,0,4081
wMEOT0yaasQ,The Positive Side of Anger - By Sandeep Maheshwari I Hindi,2018-06-26T11:08:09Z,1495043,71632,0,3632
dI5o1IJR7y8,YOU are UNIQUE - By Sandeep Maheshwari I Hindi,2018-06-12T10:53:15Z,2897292,118128,0,6162
HHgQO_rKLHU,Halke Fulke Rehna Seekho - By Sandeep Maheshwari,2018-06-05T10:07:12Z,5145351,167450,0,6766
1xR-XgReRg8,Part 4 of 4 - How to get rid of Overthinking? By Sandeep Maheshwari,2018-05-30T10:06:49Z,1460233,55664,0,3125
O5QrLnVcQXc,Part 3 of 4 - How to get rid of Overthinking? By Sandeep Maheshwari,2018-05-16T07:36:32Z,1546418,46672,0,3118
p1-jfIipvwc,Part 2 of 4 - How to get rid of Overthinking? By Sandeep Maheshwari,2018-05-09T07:22:45Z,1766575,58916,0,3091
HIKqzkOXYz8,Part 1 of 4 - How to get rid of Overthinking? By Sandeep Maheshwari,2018-05-02T07:19:01Z,3381341,116436,0,5525
X4eL6fL5I1U,How to make anyone instantly Like You? By Sandeep Maheshwari,2018-04-21T11:08:58Z,6622085,280041,0,7206
97mtlPAv_1M,Never Underestimate YOURSELF - Inspirational Video I Hindi,2018-04-13T08:26:49Z,2312590,145012,0,5014
XlsQuV32yEs,Out of the Box Thinking - By Sandeep Maheshwari I Hindi,2018-04-11T13:20:32Z,1246790,48921,0,2202
piZS-I9sjiU,Job vs Business - Sandeep Maheshwari I Hindi,2018-04-05T11:53:29Z,9155304,347777,0,11027
bkv8lm5uFxs,Don't Be Too Serious - By Sandeep Maheshwari I Hindi,2018-03-28T12:22:31Z,5325672,201781,0,5478
nPci9IFOaIk,Accept Your Mistakes & Move On - By Sandeep Maheshwari,2018-03-22T11:58:02Z,3721151,154695,0,3914
hF8MjhyN2Yg,Be Fearless - By Sandeep Maheshwari,2018-03-21T07:33:19Z,4502183,185244,0,4414
vpO_3ZegQL4,Freedom From Stress & Pressure - By Sandeep Maheshwari I Hindi,2018-03-14T11:16:10Z,7680396,258780,0,8368
jklmLh740CA,You Are More Than You Think - By Sandeep Maheshwari I Hindi,2018-03-07T11:38:10Z,2748246,97834,0,4478
IAD5G4ET3Ng,How Successful People Think? By Sandeep Maheshwari I Hindi,2018-02-22T11:22:53Z,2546335,101996,0,3903
3gqQevdM7xM,How to Build Self Confidence? By Sandeep Maheshwari I Hindi,2018-02-15T10:44:50Z,10238838,349658,0,8309
4OT9gF_HdJg,How to be Happy in Life? By Sandeep Maheshwari I Hindi,2018-02-10T11:45:05Z,2235417,83945,0,3124
uEgWn7i67k8,What is True Love? By Sandeep Maheshwari I Hindi,2018-01-31T11:31:50Z,6407664,236404,0,5336
L1FrBx_wkYU,What is Real Beauty? By Sandeep Maheshwari I Hindi,2018-01-25T08:37:37Z,2208993,79663,0,3262
oB09kuJa-Eg,Focus on Yourself - By Sandeep Maheshwari I Hindi,2018-01-18T08:04:14Z,5898437,176294,0,5089
NwZjWm8iTWc,Positive vs. Negative Thoughts - By Sandeep Maheshwari I Hindi,2018-01-13T07:10:00Z,1148014,35768,0,1468
Nlb8x7oIkbI,Hanste Khelte Raho - By Sandeep Maheshwari,2018-01-09T07:09:34Z,6652267,224007,0,5898
YhpU8VME8Gw,3 Ways To Be Stress Free - By Sandeep Maheshwari I Hindi,2017-12-27T07:55:55Z,5115603,160835,0,3017
rGpwRlCOLbY,How to Stop Negative Thoughts & Feelings? By Sandeep Maheshwari I Hindi,2017-12-21T07:46:31Z,11349479,354154,0,11991
XW9tfxy7WX0,NEVER QUIT - A Truly Inspiring Story of a Young Woman (Hindi),2017-12-16T07:38:32Z,2546030,122877,0,4698
WhunIR0JxkA,Always Be Happy - By Sandeep Maheshwari,2017-12-14T10:13:45Z,3867000,200113,0,3621
siKJWYCoDTI,Difference Between Need & Greed - By Sandeep Maheshwari I Hindi,2017-12-12T07:17:58Z,633613,27106,0,1486
odnOhu7m318,Stop Comparing Kids - By Sandeep Maheshwari,2017-12-09T07:26:12Z,652804,34759,0,2073
G3gpBYrbk-0,How to Deepen Your Understanding? By Sandeep Maheshwari I Hindi,2017-12-07T10:57:22Z,974169,37335,0,1305
qF0HeSOO2TE,Don't Be Lazy - By Sandeep Maheshwari I Motivational Video in Hindi,2017-11-30T10:23:27Z,2710154,98847,0,2801
QVESwoTDBCc,DIL KI SUNO - Inspirational Video By Sandeep Maheshwari,2017-11-23T10:35:50Z,822337,33604,0,1459
aMt64jSpxOo,JUST DO IT - Motivational Video (Hindi),2017-11-22T09:49:45Z,996673,49280,0,2036
Unkowlce62s,How to Build Trust in a Relationship? By Sandeep Maheshwari I Hindi,2017-11-18T10:12:24Z,1751488,63419,0,1360
8GS_9pAi-HI,BELIEVE IN YOURSELF - Motivational Video By Sandeep Maheshwari I Hindi,2017-11-15T11:11:44Z,6477311,338931,0,8842
31rlCxfts4E,How to be FEARLESS - By Sandeep Maheshwari I Hindi,2017-11-13T11:57:43Z,1557031,50311,0,1815
9-8UN0cPCmQ,How to Make your Body Fit & Active? By Sandeep Maheshwari I Hindi,2017-11-10T09:53:04Z,3255012,102437,0,2829
Ss1XWRfdM-0,How to be a Great Speaker? By Sandeep Maheshwari I Hindi,2017-11-07T07:57:37Z,2210355,69494,0,2442
D-0qAA3Mri8,Aaj Mein Jeena Seekho - By Sandeep Maheshwari,2017-10-14T08:12:28Z,1822547,63510,0,2046
yimydUJMSl8,Zindagi Ki Gaadi Ka Fuel - By Sandeep Maheshwari,2017-10-11T10:14:25Z,683411,24617,0,1057
3pfu6pqyIWw,Zindagi Ko Khul Ke Jiyo - By Sandeep Maheshwari,2017-10-09T11:31:19Z,1621653,61284,0,1886
S_p0dKZEjwk,Apne Aap Ko Samjho - Motivational Video By Sandeep Maheshwari,2017-10-07T07:50:04Z,4427962,145401,0,3319
WhftbG4OgTc,Har Cheez Se Seekho - By Sandeep Maheshwari,2017-10-06T10:21:13Z,1244029,42213,0,1617
r0AIiTtjkxM,Apne Thoughts Ko Samjho - By Sandeep Maheshwari,2017-09-28T06:49:29Z,2383256,75101,0,3830
iyBGzzjyUDU,How to be a Great Teacher? By Sandeep Maheshwari I Hindi,2017-09-23T10:13:47Z,3981934,115968,0,3976
HQ-aJkcUT0o,The Positive Side of Breakup - By Sandeep Maheshwari I Hindi,2017-09-21T11:03:36Z,6341389,261012,0,10448
wbkpaA6LH80,How Successful Entrepreneurs Think? By Sandeep Maheshwari I Hindi,2017-09-16T07:17:17Z,2304278,74733,0,2144
JHKk4QXcUhk,Mast Rehna Seekho - By Sandeep Maheshwari,2017-09-07T10:13:35Z,11998853,312212,0,9587
mqvPoSfknNY,What is Mind? By Sandeep Maheshwari I Hindi,2017-08-31T08:43:19Z,1814364,54716,0,2141
_zgYxCxJB0I,Why do we start Smoking? By Sandeep Maheshwari I Hindi,2017-08-26T07:33:40Z,3939100,152571,0,5244
udZtsIz3d_U,Top 10 Ways to Overcome Laziness - By Sandeep Maheshwari,2017-08-22T08:17:58Z,5656583,196732,0,3617
G-NTw4OcRPs,How to be Happy all the time? By Sandeep Maheshwari I Hindi,2017-08-17T09:25:26Z,7004766,222188,0,8865
80MHyy11sw0,What is Real Learning? By Sandeep Maheshwari I Hindi,2017-08-08T11:03:36Z,1556605,48866,0,2188
k1IT_EfC4KI,Don't Suppress Your Desires - By Sandeep Maheshwari I Hindi,2017-07-29T07:04:29Z,771777,26859,0,987
a2EhOm1ysKA,Open your Mind to New Ideas - By Sandeep Maheshwari I Hindi,2017-07-27T08:07:12Z,1541014,56419,0,1451
ws9XIYdvNtU,The Most Practical Way to Achieve Success - By Sandeep Maheshwari I Hindi,2017-07-25T11:40:25Z,1635478,55309,0,1836
uPfPx_l_mgI,What is Luck? By Sandeep Maheshwari I Hindi,2017-07-21T06:14:45Z,2092801,54076,0,3787
lXR5ri2vDSc,DON'T BE AFRAID - Motivational Video By Sandeep Maheshwari (Hindi),2017-07-15T10:41:15Z,1687774,52800,0,1803
nRPb6O05Lsw,How to Stop Overthinking? By Sandeep Maheshwari I Hindi,2017-07-08T08:35:26Z,9380373,325946,0,8931
hbfyVu0arXE,"How to Meditate Anytime, Anywhere? By Sandeep Maheshwari I Meditation For Beginners (Hindi)",2017-07-04T10:53:58Z,2304331,82922,0,2458
WfWgThjXpXo,How to stay Motivated all the time? By Sandeep Maheshwari I Hindi,2017-07-01T10:03:43Z,3313758,105430,0,2359
dikGXPB2R30,What is the cause of Laziness? By Sandeep Maheshwari I Hindi,2017-06-24T09:39:03Z,1667075,45117,0,1420
o7mdzUtCZPw,Sandeep Maheshwari's Top 10 Rules For Success (Hindi),2017-06-16T07:12:07Z,7440965,256644,0,5049
MuQ3QxHvkhw,How to make your Mind Peaceful? By Sandeep Maheshwari I Hindi,2017-06-03T08:24:29Z,3941919,108389,0,2793
b_clFB3vL-Q,4 Steps to Overcome Failure - By Sandeep Maheshwari I Hindi,2017-06-01T07:52:22Z,2682110,97300,0,3920
5UxCv3HGhSQ,Feelings Are Temporary - Motivational Video By Sandeep Maheshwari (Hindi),2017-05-30T07:11:36Z,1394777,48942,0,1376
y04OcY_4ttU,How to overcome Loneliness? By Sandeep Maheshwari I Hindi,2017-05-25T08:37:02Z,5609045,182961,0,8576
aBOGlRB9dSM,How to make every moment of life New and Refreshing? By Sandeep Maheshwari I Hindi,2017-05-11T08:27:18Z,1773707,55097,0,3294
rk_TeIhydsM,ATTITUDE is EVERYTHING - Motivational Video By Sandeep Maheshwari I Hindi,2017-05-05T12:24:48Z,8685957,226651,0,4247
9XGekkdAIrk,BEST MOTIVATIONAL VIDEOS COMPILATION - Sandeep Maheshwari (Hindi),2017-04-26T10:11:11Z,7025922,169608,0,4752
RT2a92UXOIA,How to do what you love doing? By Sandeep Maheshwari I Hindi,2017-04-15T10:43:28Z,972012,32189,0,1531
faku-uBEloU,What is Love? By Sandeep Maheshwari I Hindi,2017-04-08T07:13:32Z,12692021,320705,0,11428
WeUUwr5_mG4,What is Fear? By Sandeep Maheshwari I Hindi,2017-04-05T07:10:08Z,2068104,48334,0,2106
8qwMyMCuV4I,Sabse Bada Rog Kya Kahenge Log - By Sandeep Maheshwari,2017-03-28T11:25:14Z,3106472,96466,0,3676
UckUOWErUYU,Ek Alag Soch - By Sandeep Maheshwari,2017-03-21T10:56:19Z,2280191,59412,0,2152
fOWsE6pPTaM,How to control your thoughts? By Sandeep Maheshwari I Hindi,2017-03-08T11:12:22Z,4982204,126223,0,4833
TAqczHpN_BM,How to change your Mindset? By Sandeep Maheshwari I Hindi,2017-03-02T08:53:06Z,3754904,111252,0,3312
rDjYio4xlZ0,#4 Smart Dressing Sense & Hygiene - By Sandeep Maheshwari I Personality Development I Hindi,2017-02-20T07:47:48Z,5968467,154967,0,2001
M4iHa7gHvNI,#3 Confidence for Job Interview - By Sandeep Maheshwari I Personality Development I Hindi,2017-02-17T08:15:32Z,3793203,120174,0,2156
QLqTYtka2Vg,#2 Confident Body Language Tips - By Sandeep Maheshwari I Personality Development I Hindi,2017-02-14T10:28:34Z,11258974,338835,0,5244
5CoKwpezDFE,Personality Development #1 Improve Your Sense of Humour - By Sandeep Maheshwari I Hindi,2017-02-09T08:37:17Z,11628106,326146,0,6384
VrTraTM5PBo,Solution Oriented Mindset - By Sandeep Maheshwari I Hindi,2017-01-30T11:12:07Z,724891,23479,0,1010
yR-UgJEwgLA,Apne Dil Ki Suno - By Sandeep Maheshwari I Latest 2017 Video in Hindi,2017-01-27T12:11:23Z,1770923,41984,0,1072
ZRR4n5f72pA,Keep Moving Forward - By Sandeep Maheshwari I Hindi,2017-01-24T08:14:11Z,583419,17710,0,832
eQTj6M21dGY,How to Make Money on YouTube? By Sandeep Maheshwari I Hindi,2017-01-20T10:57:04Z,9129441,359752,0,19574
ImZwgfGY20o,How to expand your Mind? By Sandeep Maheshwari I Think Out Of The Box,2017-01-19T09:50:11Z,1910346,55097,0,1503
AtaJEAZWXKM,Successful ‡§≤‡•ã‡§ó‡•ã‡§Ç ‡§ï‡•Ä ‡§∏‡•ã‡§ö - By Sandeep Maheshwari,2017-01-16T11:59:53Z,8297402,147648,0,4023
Sl56bfvurWY,How to increase your Memory Power? By Sandeep Maheshwari I Hindi,2017-01-11T08:30:11Z,2415352,59461,0,1670
PuHAHf2jOJk,Start Feeling Happy! By Sandeep Maheshwari I Hindi,2016-12-29T09:40:34Z,2914042,71547,0,3299
EN-pgUsBOm4,BE POWERFUL - By Sandeep Maheshwari I Latest Mashup I Motivational Speech in Hindi,2016-12-24T10:56:00Z,2983923,78116,0,1140
XG21qHCdH9k,Rise & Shine - By Sandeep Maheshwari I Hindi,2016-12-15T09:18:11Z,2482440,72299,0,3278
Y07dnUKwqyw,Speak English with Confidence - By Sandeep Maheshwari | Hindi,2016-12-08T09:39:25Z,36248304,921041,0,22118
N2cs7b8er1A,How to Concentrate on Studies? By Sandeep Maheshwari I Hindi,2016-11-30T10:41:18Z,5231694,241530,0,2515
uWnBTyiSwgE,Stop Getting Distracted - By Sandeep Maheshwari I Hindi I Avoid Distractions and Stay Focused,2016-11-24T11:21:15Z,7642392,242182,0,7025
2B7SCf3aP6Q,Mobile Phone Addiction - By Sandeep Maheshwari I Hindi,2016-11-16T06:46:25Z,1646450,56647,0,2219
VczVqHJW0gg,Extraordinary Communication Skills - By Sandeep Maheshwari I Hindi,2016-11-02T06:23:24Z,9417581,240107,0,4793
yNQf5YFL2Ns,Emotional Intelligence - By Sandeep Maheshwari I Hindi,2016-10-12T07:27:56Z,2781479,64818,0,1798
V3fDtsDsGSo,Inspiring Story of Akbar & Birbal - By Sandeep Maheshwari I Hindi I Positive Thinking & Attitude,2016-10-08T08:11:03Z,1686047,71054,0,949
yIW6eTU2oXY,How to stay Motivated in your Career? By Sandeep Maheshwari I Hindi,2016-10-04T11:04:53Z,1331984,33657,0,724
vmxC_2HNIWo,How to get rid of Jealousy? By Sandeep Maheshwari I Hindi,2016-10-01T11:28:10Z,2680419,77736,0,1532
7hSHiXXS9Qg,How to stay Positive with Negative people? By Sandeep Maheshwari I Hindi,2016-09-30T06:42:00Z,4557518,118853,0,3343
1SA1QFpVSiA,What is the Ultimate Goal of Life? By Sandeep Maheshwari I Hindi,2016-09-17T07:12:36Z,1569980,37104,0,1267
VXDDEC3q5Lg,How to Stay Focused? By Sandeep Maheshwari I Hindi,2016-09-09T05:52:08Z,3468446,88802,0,1881
QGcOzD8pX14,Stop Killing Time - By Sandeep Maheshwari I Inspirational Talk in Hindi,2016-08-31T08:47:45Z,4843642,102879,0,2835
3TfRSGrEE6I,Game of Life - By Sandeep Maheshwari I Hindi I Be Fearless & Live With Confidence,2016-08-24T07:06:25Z,4442468,100143,0,3293
Zf2RzRgD3t8,BE FEARLESS - Motivational Video By Sandeep Maheshwari,2016-08-10T12:28:01Z,6539861,148698,0,2616
HeAcRFIrKFY,Smart Work & Time Management - By Sandeep Maheshwari I Hindi,2016-07-01T11:21:19Z,6591014,134288,0,3823
hIFCjtcg7eM,How to Conquer Yourself? By Sandeep Maheshwari I Hindi I Change Your Mind,2016-06-09T11:01:07Z,1538463,36509,0,1041
AH7k3P6W7V8,How to take the Right Decision? By Sandeep Maheshwari I Hindi,2016-05-06T07:41:09Z,3937957,95819,0,2376
Hq_PSO1HCc8,How to look at your Destiny? By Sandeep Maheshwari I Hindi,2016-05-05T06:53:54Z,445222,12807,0,302
7cZDRM28LgM,How to control your Mind? By Sandeep Maheshwari I Hindi,2016-04-06T10:55:29Z,15915461,308608,0,9913
KcUfiGgTkbw,Absolute Freedom - By Sandeep Maheshwari I Hindi,2016-02-11T11:21:39Z,2131009,49564,0,2110
WKiRLpD0xSo,‚ñ∂ Most Powerful Motivational Story - By Sandeep Maheshwari I Animated Version in Hindi,2016-02-05T06:31:04Z,4379108,172926,0,2863
wvjqFy33HVA,How to LEARN from everyone? By Sandeep Maheshwari in Hindi I Latest 2016,2016-01-13T12:42:51Z,1406633,31128,0,992
tC6i1AIj4iU,How to Achieve Success in Life? By Sandeep Maheshwari in Hindi I Latest 2016,2016-01-01T05:34:06Z,1527413,39316,0,853
KBkmHRpC-bw,Courage For Students - By Sandeep Maheshwari I Full Speech I Hindi,2015-11-04T07:29:26Z,3208071,82824,0,3123
9S-ezI-x3Fc,PROMO: COURAGE FOR STUDENTS by Sandeep Maheshwari,2015-10-21T13:15:19Z,566686,11879,0,386
dD_fk9ELJ24,The Sound of Silence - By Sandeep Maheshwari (in Hindi),2015-10-01T11:35:25Z,3919675,72213,0,4024
hPFN4UDgMZ4,The Mission of Sandeep Maheshwari,2015-09-18T12:05:21Z,2322052,54222,0,1530
QkKDeMmcjaA,Power of Choice - By Sandeep Maheshwari I Hindi,2015-08-07T11:11:24Z,1433259,35147,0,856
Ho37w_UFRSg,How to increase your Intelligence? By Sandeep Maheshwari I Hindi,2015-07-17T12:10:22Z,6230510,160879,0,3503
sXHSugsbW28,MindAPP by Sandeep Maheshwari (in Hindi),2015-06-18T09:11:08Z,2735654,66907,0,2519
n4Q1GM_lr94,Power of Desire - By Sandeep Maheshwari I Powerful Inspirational Speech in Hindi,2015-05-15T07:25:26Z,2834164,72042,0,2553
Moek1mBNZUg,Create your own Destiny - By Sandeep Maheshwari I Hindi,2015-04-17T11:19:28Z,2565360,57823,0,1815
RwxC5J8LI4Q,BEST MOTIVATIONAL VIDEO For Students - Sandeep Maheshwari I POWER OF FOCUS,2015-04-02T08:06:31Z,20972500,671885,0,22668
EVNNzwHWq78,Overcoming Fear & Anger - By Sandeep Maheshwari I Hindi,2015-03-11T11:59:39Z,6272064,110543,0,4256
eG2X_wYSi_U,Laugh At Yourself - By Sandeep Maheshwari I Hindi,2015-02-26T14:54:09Z,5501458,165211,0,4960
eF2FST6my_Q,Realistic Positive Thinking - By Sandeep Maheshwari I Hindi I Attitude is Everything,2015-02-05T15:24:26Z,4175349,100303,0,2776
BNBJaH0cTL8,‚ñ∂ Never Give Up - By Sandeep Maheshwari in Hindi I Powerful Motivational Video,2015-01-27T12:38:32Z,3656198,126672,0,1807
NeGWwIxyKKQ,Guaranteed Success - By Sandeep Maheshwari I Hindi,2015-01-09T06:59:49Z,8316046,197948,0,5920
9vqtF68SkRM,Basic Meditation Session (English) By Sandeep Maheshwari,2014-12-06T13:32:43Z,478172,7162,0,304
Kn4dK_kYUEo,Basic Meditation Session By Sandeep Maheshwari I How to Meditate for Beginners I Hindi,2014-08-23T13:15:49Z,19552524,435381,0,15148
d39O2sR5sj4,Power of Belief ‚ñ∂ An Inspirational Film by Sandeep Maheshwari I Hindi,2014-02-28T18:04:38Z,1990445,57103,0,2584
eOsB8hpWz6k,PROMO: POWER OF BELIEF by Sandeep Maheshwari,2014-02-21T10:55:47Z,288098,7291,0,237
qXCVBVxJqLs,How to get the power to achieve your goals? By Sandeep Maheshwari (in Hindi),2013-12-13T11:03:57Z,1824153,47840,0,1026
AV37vcRBPhs,THE UNSTOPPABLE - By Sandeep Maheshwari,2013-10-31T11:15:33Z,21927607,596046,0,21912
MvZ9dI_b72I,PROMO: UNSTOPPABLE by Sandeep Maheshwari,2013-10-10T08:03:07Z,795698,29812,0,531
8kobG40CPYw,From ILLUSION to REALITY - By Sandeep Maheshwari I Hindi,2013-08-10T09:59:09Z,5183376,114684,0,5343
5btIDfCa4fQ,Sandeep Maheshwari - Motivational Video I Powerful Mashup in Hindi,2013-02-23T09:01:36Z,711626,18274,0,609
GsY4E6iyVYg,LAST Life Changing Seminar - By Sandeep Maheshwari I Dubbed in English,2013-01-15T12:57:04Z,4222819,63162,0,1592
eDiA1p5DlLg,World's #1 Life Changing Video By Sandeep Maheshwari | Hindi,2012-11-23T18:40:20Z,68475310,1031407,0,43024
vRe-eWNhk8M,FIRST Life Changing Seminar - By Sandeep Maheshwari in Hindi,2012-05-24T14:27:58Z,8011216,146622,0,11152
